date,ticker
2005-05-27,48
2005-05-30,48
2005-05-31,48
2005-06-01,48
2005-06-02,48
2005-06-03,48
2005-06-06,48
2005-06-07,48
2005-06-08,48
2005-06-09,48
2005-06-10,49
2005-06-13,49
2005-06-14,49
2005-06-15,49
2005-06-16,49
2005-06-17,49
2005-06-20,49
2005-06-21,49
2005-06-22,49
2005-06-23,49
2005-06-24,49
2005-06-27,49
2005-06-28,49
2005-06-29,49
2005-06-30,49
2005-07-01,49
2005-07-04,49
2005-07-05,49
2005-07-06,49
2005-07-07,49
2005-07-08,49
2005-07-11,49
2005-07-12,49
2005-07-13,49
2005-07-14,50
2005-07-15,50
2005-07-18,50
2005-07-19,50
2005-07-20,50
2005-07-21,50
2005-07-22,50
2005-07-25,50
2005-07-26,50
2005-07-27,50
2005-07-28,50
2005-07-29,50
2005-08-01,50
2005-08-02,50
2005-08-03,50
2005-08-04,50
2005-08-05,50
2005-08-08,50
2005-08-09,50
2005-08-10,50
2005-08-11,50
2005-08-12,51
2005-08-15,51
2005-08-16,52
2005-08-17,53
2005-08-18,53
2005-08-19,53
2005-08-22,53
2005-08-23,53
2005-08-24,53
2005-08-25,53
2005-08-26,53
2005-08-29,52
2005-08-30,53
2005-08-31,53
2005-09-01,53
2005-09-02,53
2005-09-05,53
2005-09-06,53
2005-09-08,53
2005-09-09,53
2005-09-12,53
2005-09-13,53
2005-09-14,53
2005-09-15,53
2005-09-16,53
2005-09-19,53
2005-09-20,53
2005-09-21,53
2005-09-22,53
2005-09-23,53
2005-09-26,53
2005-09-27,53
2005-09-28,53
2005-09-29,53
2005-09-30,53
2005-10-03,53
2005-10-04,53
2005-10-05,53
2005-10-06,53
2005-10-07,54
2005-10-10,54
2005-10-11,54
2005-10-13,54
2005-10-14,54
2005-10-17,54
2005-10-18,54
2005-10-19,54
2005-10-20,54
2005-10-21,54
2005-10-24,54
2005-10-25,54
2005-10-26,54
2005-10-27,54
2005-10-28,54
2005-10-31,54
2005-11-01,54
2005-11-03,54
2005-11-04,54
2005-11-07,54
2005-11-08,54
2005-11-09,54
2005-11-10,54
2005-11-11,53
2005-11-14,53
2005-11-16,53
2005-11-17,54
2005-11-18,54
2005-11-21,54
2005-11-22,54
2005-11-23,54
2005-11-24,54
2005-11-25,54
2005-11-28,54
2005-11-29,54
2005-11-30,54
2005-12-01,55
2005-12-02,55
2005-12-05,55
2005-12-06,55
2005-12-07,55
2005-12-08,55
2005-12-09,55
2005-12-12,56
2005-12-13,56
2005-12-14,56
2005-12-15,56
2005-12-16,56
2005-12-19,56
2005-12-20,56
2005-12-21,56
2005-12-22,56
2005-12-23,56
2005-12-26,56
2005-12-27,56
2005-12-28,56
2005-12-29,56
2006-01-02,56
2006-01-03,56
2006-01-04,56
2006-01-05,56
2006-01-06,56
2006-01-09,56
2006-01-10,56
2006-01-11,56
2006-01-12,56
2006-01-13,56
2006-01-16,56
2006-01-17,56
2006-01-18,56
2006-01-19,56
2006-01-20,56
2006-01-23,56
2006-01-24,56
2006-01-26,56
2006-01-27,56
2006-01-30,56
2006-01-31,56
2006-02-01,56
2006-02-02,56
2006-02-03,56
2006-02-06,56
2006-02-07,56
2006-02-08,56
2006-02-09,56
2006-02-10,56
2006-02-13,56
2006-02-14,56
2006-02-15,56
2006-02-16,56
2006-02-17,56
2006-02-20,56
2006-02-21,56
2006-02-22,56
2006-02-23,56
2006-02-24,56
2006-03-01,56
2006-03-02,56
2006-03-03,56
2006-03-06,56
2006-03-07,56
2006-03-08,56
2006-03-09,56
2006-03-10,56
2006-03-13,56
2006-03-14,56
2006-03-15,56
2006-03-16,56
2006-03-17,56
2006-03-20,56
2006-03-21,56
2006-03-22,56
2006-03-23,56
2006-03-24,56
2006-03-27,56
2006-03-28,56
2006-03-29,56
2006-03-30,56
2006-03-31,55
2006-04-03,55
2006-04-04,55
2006-04-05,55
2006-04-06,55
2006-04-07,55
2006-04-10,56
2006-04-11,56
2006-04-12,55
2006-04-13,55
2006-04-17,55
2006-04-18,55
2006-04-19,55
2006-04-20,55
2006-04-24,55
2006-04-25,55
2006-04-26,55
2006-04-27,55
2006-04-28,55
2006-05-02,55
2006-05-03,55
2006-05-04,54
2006-05-05,54
2006-05-08,54
2006-05-09,54
2006-05-10,54
2006-05-11,54
2006-05-12,54
2006-05-15,54
2006-05-16,54
2006-05-17,54
2006-05-18,54
2006-05-19,54
2006-05-22,54
2006-05-23,54
2006-05-24,54
2006-05-25,54
2006-05-26,54
2006-05-29,54
2006-05-30,54
2006-05-31,54
2006-06-01,54
2006-06-02,54
2006-06-05,53
2006-06-06,53
2006-06-07,53
2006-06-08,53
2006-06-09,53
2006-06-12,53
2006-06-13,53
2006-06-14,53
2006-06-16,53
2006-06-19,53
2006-06-20,53
2006-06-21,53
2006-06-22,53
2006-06-23,53
2006-06-26,53
2006-06-27,53
2006-06-28,53
2006-06-29,53
2006-06-30,53
2006-07-03,54
2006-07-04,54
2006-07-05,54
2006-07-06,54
2006-07-07,54
2006-07-10,54
2006-07-11,54
2006-07-12,55
2006-07-13,56
2006-07-14,56
2006-07-17,56
2006-07-18,56
2006-07-19,56
2006-07-20,56
2006-07-21,56
2006-07-24,56
2006-07-25,56
2006-07-26,56
2006-07-27,56
2006-07-28,57
2006-07-31,57
2006-08-01,57
2006-08-02,57
2006-08-03,57
2006-08-04,57
2006-08-07,57
2006-08-08,57
2006-08-09,57
2006-08-10,57
2006-08-11,57
2006-08-14,57
2006-08-15,57
2006-08-16,57
2006-08-17,57
2006-08-18,57
2006-08-21,57
2006-08-22,57
2006-08-23,57
2006-08-24,57
2006-08-25,57
2006-08-28,57
2006-08-29,57
2006-08-30,57
2006-08-31,57
2006-09-01,57
2006-09-04,57
2006-09-05,57
2006-09-06,57
2006-09-08,57
2006-09-11,57
2006-09-12,57
2006-09-13,57
2006-09-14,58
2006-09-15,58
2006-09-18,58
2006-09-19,58
2006-09-20,58
2006-09-21,58
2006-09-22,58
2006-09-25,58
2006-09-26,58
2006-09-27,58
2006-09-28,58
2006-09-29,58
2006-10-02,58
2006-10-03,58
2006-10-04,58
2006-10-05,58
2006-10-06,58
2006-10-09,58
2006-10-10,58
2006-10-11,58
2006-10-13,58
2006-10-16,58
2006-10-17,58
2006-10-18,58
2006-10-19,58
2006-10-20,58
2006-10-23,58
2006-10-24,58
2006-10-25,58
2006-10-26,58
2006-10-27,58
2006-10-30,58
2006-10-31,58
2006-11-01,58
2006-11-03,58
2006-11-06,58
2006-11-07,58
2006-11-08,58
2006-11-09,58
2006-11-10,58
2006-11-13,58
2006-11-14,58
2006-11-16,58
2006-11-17,58
2006-11-21,58
2006-11-22,58
2006-11-23,58
2006-11-24,58
2006-11-27,58
2006-11-28,58
2006-11-29,58
2006-11-30,58
2006-12-01,58
2006-12-04,58
2006-12-05,58
2006-12-06,58
2006-12-07,58
2006-12-08,58
2006-12-11,58
2006-12-12,58
2006-12-13,58
2006-12-14,58
2006-12-15,58
2006-12-18,58
2006-12-19,58
2006-12-20,58
2006-12-21,59
2006-12-22,59
2006-12-26,59
2006-12-27,59
2006-12-28,59
2007-01-02,59
2007-01-03,59
2007-01-04,59
2007-01-05,59
2007-01-08,59
2007-01-09,59
2007-01-10,59
2007-01-11,59
2007-01-12,59
2007-01-15,59
2007-01-16,59
2007-01-17,59
2007-01-18,59
2007-01-19,59
2007-01-22,59
2007-01-23,59
2007-01-24,59
2007-01-26,59
2007-01-29,59
2007-01-30,60
2007-01-31,60
2007-02-01,60
2007-02-02,60
2007-02-05,60
2007-02-06,60
2007-02-07,60
2007-02-08,60
2007-02-09,60
2007-02-12,60
2007-02-13,60
2007-02-14,60
2007-02-15,60
2007-02-16,60
2007-02-21,60
2007-02-22,60
2007-02-23,60
2007-02-26,60
2007-02-27,60
2007-02-28,60
2007-03-01,60
2007-03-02,60
2007-03-05,60
2007-03-06,60
2007-03-07,60
2007-03-08,60
2007-03-09,60
2007-03-12,60
2007-03-13,60
2007-03-14,60
2007-03-15,61
2007-03-16,61
2007-03-19,61
2007-03-20,61
2007-03-21,61
2007-03-22,61
2007-03-23,61
2007-03-26,61
2007-03-27,61
2007-03-28,61
2007-03-29,61
2007-03-30,61
2007-04-02,61
2007-04-03,61
2007-04-04,61
2007-04-05,61
2007-04-09,61
2007-04-10,61
2007-04-11,61
2007-04-12,61
2007-04-13,61
2007-04-16,61
2007-04-17,61
2007-04-18,61
2007-04-19,61
2007-04-20,61
2007-04-23,61
2007-04-24,61
2007-04-25,61
2007-04-26,62
2007-04-27,62
2007-04-30,62
2007-05-02,62
2007-05-03,62
2007-05-04,62
2007-05-07,62
2007-05-08,62
2007-05-09,62
2007-05-10,62
2007-05-11,62
2007-05-14,62
2007-05-15,62
2007-05-16,63
2007-05-17,63
2007-05-18,63
2007-05-21,63
2007-05-22,63
2007-05-23,63
2007-05-24,63
2007-05-25,63
2007-05-28,63
2007-05-29,63
2007-05-30,63
2007-05-31,63
2007-06-01,63
2007-06-04,63
2007-06-05,63
2007-06-06,63
2007-06-08,63
2007-06-11,63
2007-06-12,63
2007-06-13,63
2007-06-14,63
2007-06-15,63
2007-06-18,63
2007-06-19,63
2007-06-20,63
2007-06-21,63
2007-06-22,63
2007-06-25,63
2007-06-26,63
2007-06-27,63
2007-06-28,63
2007-06-29,64
2007-07-02,64
2007-07-03,64
2007-07-04,64
2007-07-05,64
2007-07-06,64
2007-07-10,64
2007-07-11,65
2007-07-12,65
2007-07-13,65
2007-07-16,65
2007-07-17,65
2007-07-18,65
2007-07-19,65
2007-07-20,65
2007-07-23,65
2007-07-24,65
2007-07-25,65
2007-07-26,65
2007-07-27,65
2007-07-30,65
2007-07-31,65
2007-08-01,66
2007-08-02,66
2007-08-03,66
2007-08-06,66
2007-08-07,66
2007-08-08,65
2007-08-09,65
2007-08-10,65
2007-08-13,65
2007-08-14,65
2007-08-15,65
2007-08-16,65
2007-08-17,66
2007-08-20,66
2007-08-21,67
2007-08-22,67
2007-08-23,67
2007-08-24,68
2007-08-27,68
2007-08-28,68
2007-08-29,68
2007-08-30,68
2007-08-31,68
2007-09-03,68
2007-09-04,69
2007-09-05,69
2007-09-06,69
2007-09-10,69
2007-09-11,69
2007-09-12,69
2007-09-13,69
2007-09-14,69
2007-09-17,69
2007-09-18,69
2007-09-19,69
2007-09-20,69
2007-09-21,69
2007-09-24,69
2007-09-25,69
2007-09-26,69
2007-09-27,69
2007-09-28,69
2007-10-01,69
2007-10-02,69
2007-10-03,69
2007-10-04,69
2007-10-05,69
2007-10-08,69
2007-10-09,69
2007-10-10,69
2007-10-11,69
2007-10-15,69
2007-10-16,69
2007-10-17,69
2007-10-18,69
2007-10-19,69
2007-10-22,69
2007-10-23,69
2007-10-24,69
2007-10-25,69
2007-10-26,69
2007-10-29,69
2007-10-30,69
2007-10-31,69
2007-11-01,69
2007-11-05,70
2007-11-06,70
2007-11-07,70
2007-11-08,70
2007-11-09,70
2007-11-12,71
2007-11-13,71
2007-11-14,71
2007-11-16,71
2007-11-19,71
2007-11-21,72
2007-11-22,72
2007-11-23,72
2007-11-26,72
2007-11-27,72
2007-11-28,72
2007-11-29,72
2007-11-30,72
2007-12-03,72
2007-12-04,73
2007-12-05,73
2007-12-06,73
2007-12-07,73
2007-12-10,73
2007-12-11,74
2007-12-12,75
2007-12-13,75
2007-12-14,75
2007-12-17,75
2007-12-18,76
2007-12-19,76
2007-12-20,76
2007-12-21,76
2007-12-26,76
2007-12-27,76
2007-12-28,76
2008-01-02,76
2008-01-03,76
2008-01-04,77
2008-01-07,77
2008-01-08,77
2008-01-09,77
2008-01-10,77
2008-01-11,77
2008-01-14,77
2008-01-15,77
2008-01-16,77
2008-01-17,77
2008-01-18,77
2008-01-21,77
2008-01-22,77
2008-01-23,76
2008-01-24,76
2008-01-28,76
2008-01-29,76
2008-01-30,76
2008-01-31,76
2008-02-01,76
2008-02-06,76
2008-02-07,76
2008-02-08,76
2008-02-11,76
2008-02-12,76
2008-02-13,76
2008-02-14,76
2008-02-15,76
2008-02-18,76
2008-02-19,76
2008-02-20,77
2008-02-21,77
2008-02-22,77
2008-02-25,77
2008-02-26,77
2008-02-27,77
2008-02-28,77
2008-02-29,77
2008-03-03,77
2008-03-04,77
2008-03-05,78
2008-03-06,78
2008-03-07,78
2008-03-10,78
2008-03-11,78
2008-03-12,78
2008-03-13,78
2008-03-14,78
2008-03-17,78
2008-03-18,78
2008-03-19,78
2008-03-20,78
2008-03-24,78
2008-03-25,79
2008-03-26,80
2008-03-27,81
2008-03-28,81
2008-03-31,81
2008-04-01,81
2008-04-02,81
2008-04-03,81
2008-04-04,81
2008-04-07,81
2008-04-08,81
2008-04-09,81
2008-04-10,81
2008-04-11,81
2008-04-14,81
2008-04-15,81
2008-04-16,81
2008-04-17,81
2008-04-18,81
2008-04-22,81
2008-04-23,81
2008-04-24,81
2008-04-25,80
2008-04-28,81
2008-04-29,81
2008-04-30,81
2008-05-02,81
2008-05-05,81
2008-05-06,81
2008-05-07,81
2008-05-08,81
2008-05-09,81
2008-05-12,81
2008-05-13,81
2008-05-14,81
2008-05-15,81
2008-05-16,81
2008-05-19,81
2008-05-20,81
2008-05-21,81
2008-05-23,81
2008-05-26,81
2008-05-27,81
2008-05-28,81
2008-05-29,81
2008-05-30,81
2008-06-02,81
2008-06-03,81
2008-06-04,80
2008-06-05,81
2008-06-06,81
2008-06-09,81
2008-06-10,81
2008-06-11,81
2008-06-12,81
2008-06-13,81
2008-06-16,80
2008-06-17,81
2008-06-18,81
2008-06-19,81
2008-06-20,81
2008-06-23,81
2008-06-24,81
2008-06-25,81
2008-06-26,81
2008-06-27,81
2008-06-30,81
2008-07-01,81
2008-07-02,81
2008-07-03,81
2008-07-04,81
2008-07-07,81
2008-07-08,81
2008-07-10,81
2008-07-11,81
2008-07-14,81
2008-07-15,81
2008-07-16,81
2008-07-17,81
2008-07-18,81
2008-07-21,81
2008-07-22,81
2008-07-23,81
2008-07-24,81
2008-07-25,81
2008-07-28,81
2008-07-29,81
2008-07-30,81
2008-07-31,81
2008-08-01,81
2008-08-04,81
2008-08-05,81
2008-08-06,81
2008-08-07,81
2008-08-08,81
2008-08-11,81
2008-08-12,81
2008-08-13,81
2008-08-14,81
2008-08-15,81
2008-08-18,81
2008-08-19,81
2008-08-20,79
2008-08-21,79
2008-08-22,79
2008-08-25,79
2008-08-26,79
2008-08-27,80
2008-08-28,80
2008-08-29,80
2008-09-01,80
2008-09-02,80
2008-09-03,80
2008-09-04,80
2008-09-05,80
2008-09-08,81
2008-09-09,81
2008-09-10,81
2008-09-11,81
2008-09-12,81
2008-09-15,81
2008-09-16,81
2008-09-17,81
2008-09-18,81
2008-09-19,81
2008-09-22,81
2008-09-23,81
2008-09-24,81
2008-09-25,81
2008-09-26,81
2008-09-29,81
2008-09-30,81
2008-10-01,81
2008-10-02,81
2008-10-03,81
2008-10-06,81
2008-10-07,81
2008-10-08,81
2008-10-09,81
2008-10-10,81
2008-10-13,81
2008-10-14,81
2008-10-15,81
2008-10-16,81
2008-10-17,81
2008-10-20,81
2008-10-21,81
2008-10-22,81
2008-10-23,81
2008-10-24,81
2008-10-27,81
2008-10-28,81
2008-10-29,81
2008-10-30,81
2008-10-31,81
2008-11-03,81
2008-11-04,81
2008-11-05,81
2008-11-06,81
2008-11-07,81
2008-11-10,81
2008-11-11,81
2008-11-12,81
2008-11-13,81
2008-11-14,81
2008-11-17,81
2008-11-18,81
2008-11-19,81
2008-11-21,81
2008-11-24,81
2008-11-25,81
2008-11-26,82
2008-11-27,82
2008-11-28,82
2008-12-01,82
2008-12-02,82
2008-12-03,82
2008-12-04,81
2008-12-05,82
2008-12-08,82
2008-12-09,82
2008-12-10,82
2008-12-11,82
2008-12-12,83
2008-12-15,82
2008-12-16,83
2008-12-17,83
2008-12-18,83
2008-12-19,83
2008-12-22,81
2008-12-23,82
2008-12-26,82
2008-12-29,82
2008-12-30,82
2009-01-02,82
2009-01-05,82
2009-01-06,82
2009-01-07,82
2009-01-08,82
2009-01-09,82
2009-01-12,83
2009-01-13,83
2009-01-14,83
2009-01-15,83
2009-01-16,83
2009-01-19,83
2009-01-20,83
2009-01-21,83
2009-01-22,83
2009-01-23,83
2009-01-26,83
2009-01-27,83
2009-01-28,83
2009-01-29,82
2009-01-30,83
2009-02-02,83
2009-02-03,83
2009-02-04,83
2009-02-05,83
2009-02-06,83
2009-02-09,83
2009-02-10,83
2009-02-11,83
2009-02-12,83
2009-02-13,83
2009-02-16,83
2009-02-17,83
2009-02-18,83
2009-02-19,83
2009-02-20,83
2009-02-25,83
2009-02-26,83
2009-02-27,83
2009-03-02,83
2009-03-03,83
2009-03-04,83
2009-03-05,83
2009-03-06,83
2009-03-09,82
2009-03-10,83
2009-03-11,83
2009-03-12,83
2009-03-13,83
2009-03-16,83
2009-03-17,82
2009-03-18,83
2009-03-19,82
2009-03-20,82
2009-03-23,83
2009-03-24,83
2009-03-25,83
2009-03-26,82
2009-03-27,83
2009-03-30,83
2009-03-31,82
2009-04-01,82
2009-04-02,82
2009-04-03,82
2009-04-06,82
2009-04-07,82
2009-04-08,82
2009-04-09,82
2009-04-13,82
2009-04-14,82
2009-04-15,82
2009-04-16,82
2009-04-17,82
2009-04-20,82
2009-04-22,82
2009-04-23,82
2009-04-24,82
2009-04-27,82
2009-04-28,82
2009-04-29,82
2009-04-30,82
2009-05-04,82
2009-05-05,82
2009-05-06,82
2009-05-07,82
2009-05-08,82
2009-05-11,82
2009-05-12,82
2009-05-13,82
2009-05-14,82
2009-05-15,82
2009-05-18,82
2009-05-19,82
2009-05-20,82
2009-05-21,82
2009-05-22,82
2009-05-25,82
2009-05-26,82
2009-05-27,82
2009-05-28,82
2009-05-29,82
2009-06-01,82
2009-06-02,82
2009-06-03,82
2009-06-04,82
2009-06-05,82
2009-06-08,82
2009-06-09,82
2009-06-10,82
2009-06-12,82
2009-06-15,82
2009-06-16,82
2009-06-17,82
2009-06-18,82
2009-06-19,82
2009-06-22,82
2009-06-23,82
2009-06-24,82
2009-06-25,82
2009-06-26,82
2009-06-29,82
2009-06-30,82
2009-07-01,82
2009-07-02,82
2009-07-03,82
2009-07-06,82
2009-07-07,82
2009-07-08,82
2009-07-10,82
2009-07-13,81
2009-07-14,81
2009-07-15,82
2009-07-16,82
2009-07-17,82
2009-07-20,82
2009-07-21,82
2009-07-22,82
2009-07-23,82
2009-07-24,82
2009-07-27,82
2009-07-28,82
2009-07-29,82
2009-07-30,82
2009-07-31,82
2009-08-03,82
2009-08-04,82
2009-08-05,82
2009-08-06,82
2009-08-07,82
2009-08-10,82
2009-08-11,82
2009-08-12,81
2009-08-13,81
2009-08-14,81
2009-08-17,81
2009-08-18,81
2009-08-19,81
2009-08-20,81
2009-08-21,81
2009-08-24,81
2009-08-25,81
2009-08-26,81
2009-08-27,81
2009-08-28,81
2009-08-31,81
2009-09-01,80
2009-09-02,81
2009-09-03,81
2009-09-04,81
2009-09-08,81
2009-09-09,81
2009-09-10,81
2009-09-11,81
2009-09-14,81
2009-09-15,81
2009-09-16,81
2009-09-17,81
2009-09-18,81
2009-09-21,81
2009-09-22,80
2009-09-23,80
2009-09-24,80
2009-09-25,80
2009-09-28,80
2009-09-29,80
2009-09-30,80
2009-10-01,80
2009-10-02,80
2009-10-05,80
2009-10-06,80
2009-10-07,80
2009-10-08,80
2009-10-09,80
2009-10-13,80
2009-10-14,80
2009-10-15,80
2009-10-16,80
2009-10-19,80
2009-10-20,80
2009-10-21,80
2009-10-22,80
2009-10-23,80
2009-10-26,80
2009-10-27,80
2009-10-28,80
2009-10-29,80
2009-10-30,80
2009-11-03,80
2009-11-04,80
2009-11-05,80
2009-11-06,79
2009-11-09,80
2009-11-10,80
2009-11-11,80
2009-11-12,80
2009-11-13,79
2009-11-16,80
2009-11-17,80
2009-11-18,79
2009-11-19,78
2009-11-23,79
2009-11-24,79
2009-11-25,79
2009-11-26,79
2009-11-27,79
2009-11-30,79
2009-12-01,79
2009-12-02,79
2009-12-03,79
2009-12-04,79
2009-12-07,79
2009-12-08,79
2009-12-09,79
2009-12-10,79
2009-12-11,79
2009-12-14,79
2009-12-15,79
2009-12-16,79
2009-12-17,79
2009-12-18,79
2009-12-21,79
2009-12-22,79
2009-12-23,79
2009-12-28,79
2009-12-29,79
2009-12-30,79
2010-01-04,79
2010-01-05,79
2010-01-06,79
2010-01-07,80
2010-01-08,80
2010-01-11,80
2010-01-12,80
2010-01-13,80
2010-01-14,80
2010-01-15,80
2010-01-18,80
2010-01-19,80
2010-01-20,80
2010-01-21,80
2010-01-22,80
2010-01-26,80
2010-01-27,80
2010-01-28,80
2010-01-29,80
2010-02-01,80
2010-02-02,80
2010-02-03,80
2010-02-04,80
2010-02-05,80
2010-02-08,80
2010-02-09,80
2010-02-10,80
2010-02-11,80
2010-02-12,80
2010-02-17,80
2010-02-18,80
2010-02-19,80
2010-02-22,80
2010-02-23,80
2010-02-24,80
2010-02-25,80
2010-02-26,80
2010-03-01,80
2010-03-02,80
2010-03-03,80
2010-03-04,80
2010-03-05,80
2010-03-08,81
2010-03-09,81
2010-03-10,81
2010-03-11,81
2010-03-12,81
2010-03-15,81
2010-03-16,81
2010-03-17,81
2010-03-18,81
2010-03-19,81
2010-03-22,81
2010-03-23,81
2010-03-24,81
2010-03-25,82
2010-03-26,82
2010-03-29,82
2010-03-30,82
2010-03-31,82
2010-04-01,82
2010-04-05,82
2010-04-06,82
2010-04-07,82
2010-04-08,82
2010-04-09,82
2010-04-12,82
2010-04-13,82
2010-04-14,82
2010-04-15,82
2010-04-16,82
2010-04-19,82
2010-04-20,81
2010-04-22,81
2010-04-23,81
2010-04-26,81
2010-04-27,81
2010-04-28,81
2010-04-29,81
2010-04-30,81
2010-05-03,81
2010-05-04,81
2010-05-05,81
2010-05-06,81
2010-05-07,80
2010-05-10,81
2010-05-11,80
2010-05-12,80
2010-05-13,80
2010-05-14,81
2010-05-17,81
2010-05-18,81
2010-05-19,81
2010-05-20,81
2010-05-21,81
2010-05-24,81
2010-05-25,81
2010-05-26,81
2010-05-27,81
2010-05-28,81
2010-05-31,81
2010-06-01,81
2010-06-02,81
2010-06-04,81
2010-06-07,81
2010-06-08,81
2010-06-09,81
2010-06-10,81
2010-06-11,81
2010-06-14,81
2010-06-15,81
2010-06-16,81
2010-06-17,81
2010-06-18,81
2010-06-21,81
2010-06-22,82
2010-06-23,82
2010-06-24,82
2010-06-25,82
2010-06-28,82
2010-06-29,82
2010-06-30,83
2010-07-01,83
2010-07-02,82
2010-07-05,83
2010-07-06,82
2010-07-07,83
2010-07-08,83
2010-07-12,83
2010-07-13,83
2010-07-14,82
2010-07-15,83
2010-07-16,83
2010-07-19,83
2010-07-20,83
2010-07-21,83
2010-07-22,83
2010-07-23,83
2010-07-26,83
2010-07-27,83
2010-07-28,84
2010-07-29,84
2010-07-30,84
2010-08-02,84
2010-08-03,84
2010-08-04,84
2010-08-05,84
2010-08-06,84
2010-08-09,84
2010-08-10,84
2010-08-11,84
2010-08-12,84
2010-08-13,84
2010-08-16,84
2010-08-17,84
2010-08-18,84
2010-08-19,84
2010-08-20,85
2010-08-23,85
2010-08-24,85
2010-08-25,85
2010-08-26,85
2010-08-27,85
2010-08-30,85
2010-08-31,85
2010-09-01,85
2010-09-02,85
2010-09-03,86
2010-09-06,86
2010-09-08,86
2010-09-09,86
2010-09-10,86
2010-09-13,86
2010-09-14,86
2010-09-15,86
2010-09-16,86
2010-09-17,86
2010-09-20,86
2010-09-21,86
2010-09-22,86
2010-09-23,86
2010-09-24,86
2010-09-27,86
2010-09-28,86
2010-09-29,86
2010-09-30,86
2010-10-01,86
2010-10-04,86
2010-10-05,86
2010-10-06,86
2010-10-07,86
2010-10-08,86
2010-10-11,86
2010-10-13,86
2010-10-14,86
2010-10-15,86
2010-10-18,86
2010-10-19,86
2010-10-20,86
2010-10-21,86
2010-10-22,85
2010-10-25,85
2010-10-26,85
2010-10-27,85
2010-10-28,85
2010-10-29,85
2010-11-01,85
2010-11-03,85
2010-11-04,85
2010-11-05,85
2010-11-08,85
2010-11-09,85
2010-11-10,85
2010-11-11,85
2010-11-12,85
2010-11-16,85
2010-11-17,85
2010-11-18,85
2010-11-19,85
2010-11-22,85
2010-11-23,85
2010-11-24,85
2010-11-25,85
2010-11-26,85
2010-11-29,85
2010-11-30,85
2010-12-01,85
2010-12-02,85
2010-12-03,85
2010-12-06,85
2010-12-07,85
2010-12-08,85
2010-12-09,85
2010-12-10,85
2010-12-13,85
2010-12-14,85
2010-12-15,85
2010-12-16,85
2010-12-17,85
2010-12-20,85
2010-12-21,85
2010-12-22,85
2010-12-23,85
2010-12-27,85
2010-12-28,85
2010-12-29,85
2010-12-30,85
2011-01-03,85
2011-01-04,85
2011-01-05,85
2011-01-06,85
2011-01-07,85
2011-01-10,85
2011-01-11,85
2011-01-12,85
2011-01-13,85
2011-01-14,85
2011-01-17,85
2011-01-18,85
2011-01-19,85
2011-01-20,85
2011-01-21,85
2011-01-24,85
2011-01-26,85
2011-01-27,85
2011-01-28,85
2011-01-31,85
2011-02-01,85
2011-02-02,85
2011-02-03,85
2011-02-04,85
2011-02-07,85
2011-02-08,85
2011-02-09,85
2011-02-10,85
2011-02-11,85
2011-02-14,85
2011-02-15,85
2011-02-16,85
2011-02-17,85
2011-02-18,85
2011-02-21,85
2011-02-22,85
2011-02-23,85
2011-02-24,85
2011-02-25,85
2011-02-28,85
2011-03-01,85
2011-03-02,85
2011-03-03,85
2011-03-04,85
2011-03-09,85
2011-03-10,85
2011-03-11,85
2011-03-14,85
2011-03-15,85
2011-03-16,85
2011-03-17,85
2011-03-18,85
2011-03-21,85
2011-03-22,85
2011-03-23,85
2011-03-24,85
2011-03-25,85
2011-03-28,85
2011-03-29,85
2011-03-30,85
2011-03-31,85
2011-04-01,85
2011-04-04,85
2011-04-05,85
2011-04-06,85
2011-04-07,85
2011-04-08,85
2011-04-11,85
2011-04-12,85
2011-04-13,85
2011-04-14,85
2011-04-15,85
2011-04-18,85
2011-04-19,85
2011-04-20,85
2011-04-25,85
2011-04-26,85
2011-04-27,85
2011-04-28,85
2011-04-29,85
2011-05-02,86
2011-05-03,86
2011-05-04,86
2011-05-05,86
2011-05-06,86
2011-05-09,86
2011-05-10,86
2011-05-11,86
2011-05-12,86
2011-05-13,87
2011-05-16,87
2011-05-17,87
2011-05-18,87
2011-05-19,87
2011-05-20,87
2011-05-23,87
2011-05-24,87
2011-05-25,87
2011-05-26,87
2011-05-27,87
2011-05-30,87
2011-05-31,87
2011-06-01,87
2011-06-02,87
2011-06-03,87
2011-06-06,87
2011-06-07,87
2011-06-08,86
2011-06-09,86
2011-06-10,86
2011-06-13,86
2011-06-14,86
2011-06-15,86
2011-06-16,86
2011-06-17,86
2011-06-20,86
2011-06-21,86
2011-06-22,86
2011-06-24,87
2011-06-27,87
2011-06-28,87
2011-06-29,87
2011-06-30,87
2011-07-01,88
2011-07-04,88
2011-07-05,88
2011-07-06,89
2011-07-07,89
2011-07-08,89
2011-07-11,89
2011-07-12,89
2011-07-13,89
2011-07-14,89
2011-07-15,89
2011-07-18,89
2011-07-19,89
2011-07-20,89
2011-07-21,89
2011-07-22,89
2011-07-25,89
2011-07-26,89
2011-07-27,89
2011-07-28,89
2011-07-29,89
2011-08-01,89
2011-08-02,89
2011-08-03,88
2011-08-04,88
2011-08-05,88
2011-08-08,88
2011-08-09,88
2011-08-10,88
2011-08-11,88
2011-08-12,88
2011-08-15,88
2011-08-16,88
2011-08-17,88
2011-08-18,88
2011-08-19,88
2011-08-22,88
2011-08-23,88
2011-08-24,88
2011-08-25,88
2011-08-26,88
2011-08-29,88
2011-08-30,88
2011-08-31,88
2011-09-01,88
2011-09-02,88
2011-09-05,88
2011-09-06,88
2011-09-08,88
2011-09-09,88
2011-09-12,88
2011-09-13,88
2011-09-14,88
2011-09-15,88
2011-09-16,89
2011-09-19,89
2011-09-20,89
2011-09-21,89
2011-09-22,89
2011-09-23,89
2011-09-26,89
2011-09-27,89
2011-09-28,89
2011-09-29,89
2011-09-30,89
2011-10-03,89
2011-10-04,89
2011-10-05,89
2011-10-06,89
2011-10-07,89
2011-10-10,89
2011-10-11,89
2011-10-13,89
2011-10-14,89
2011-10-17,89
2011-10-18,89
2011-10-19,89
2011-10-20,89
2011-10-21,89
2011-10-24,89
2011-10-25,89
2011-10-26,89
2011-10-27,89
2011-10-28,89
2011-10-31,89
2011-11-01,89
2011-11-03,89
2011-11-04,89
2011-11-07,89
2011-11-08,89
2011-11-09,89
2011-11-10,89
2011-11-11,89
2011-11-14,89
2011-11-16,89
2011-11-17,90
2011-11-18,90
2011-11-21,90
2011-11-22,90
2011-11-23,90
2011-11-24,90
2011-11-25,90
2011-11-28,90
2011-11-29,90
2011-11-30,90
2011-12-01,90
2011-12-02,90
2011-12-05,90
2011-12-06,90
2011-12-07,90
2011-12-08,90
2011-12-09,90
2011-12-12,90
2011-12-13,90
2011-12-14,90
2011-12-15,90
2011-12-16,90
2011-12-19,89
2011-12-20,89
2011-12-21,89
2011-12-22,89
2011-12-23,89
2011-12-26,89
2011-12-27,90
2011-12-28,90
2011-12-29,90
2012-01-02,90
2012-01-03,90
2012-01-04,90
2012-01-05,90
2012-01-06,90
2012-01-09,90
2012-01-10,90
2012-01-11,90
2012-01-12,90
2012-01-13,90
2012-01-16,90
2012-01-17,90
2012-01-18,90
2012-01-19,90
2012-01-20,90
2012-01-23,90
2012-01-24,90
2012-01-26,90
2012-01-27,90
2012-01-30,90
2012-01-31,90
2012-02-01,90
2012-02-02,90
2012-02-03,90
2012-02-06,90
2012-02-07,90
2012-02-08,90
2012-02-09,90
2012-02-10,90
2012-02-13,90
2012-02-14,90
2012-02-15,90
2012-02-16,90
2012-02-17,90
2012-02-22,90
2012-02-23,90
2012-02-24,90
2012-02-27,90
2012-02-28,90
2012-02-29,90
2012-03-01,90
2012-03-02,90
2012-03-05,90
2012-03-06,90
2012-03-07,90
2012-03-08,90
2012-03-09,90
2012-03-12,90
2012-03-13,90
2012-03-14,90
2012-03-15,90
2012-03-16,90
2012-03-19,90
2012-03-20,90
2012-03-21,90
2012-03-22,90
2012-03-23,90
2012-03-26,90
2012-03-27,90
2012-03-28,90
2012-03-29,90
2012-03-30,90
2012-04-02,90
2012-04-03,90
2012-04-04,90
2012-04-05,90
2012-04-09,88
2012-04-10,88
2012-04-11,88
2012-04-12,88
2012-04-13,88
2012-04-16,88
2012-04-17,88
2012-04-18,88
2012-04-19,88
2012-04-20,88
2012-04-23,88
2012-04-24,88
2012-04-25,88
2012-04-26,88
2012-04-27,88
2012-04-30,88
2012-05-02,88
2012-05-03,88
2012-05-04,88
2012-05-07,88
2012-05-08,88
2012-05-09,88
2012-05-10,88
2012-05-11,88
2012-05-14,87
2012-05-15,87
2012-05-16,87
2012-05-17,87
2012-05-18,87
2012-05-21,87
2012-05-22,87
2012-05-23,87
2012-05-24,87
2012-05-25,87
2012-05-28,87
2012-05-29,87
2012-05-30,87
2012-05-31,87
2012-06-01,87
2012-06-04,87
2012-06-05,87
2012-06-06,87
2012-06-08,87
2012-06-11,87
2012-06-12,87
2012-06-13,87
2012-06-14,87
2012-06-15,87
2012-06-18,87
2012-06-19,87
2012-06-20,87
2012-06-21,87
2012-06-22,87
2012-06-25,87
2012-06-26,87
2012-06-27,87
2012-06-28,87
2012-06-29,87
2012-07-02,87
2012-07-03,87
2012-07-04,87
2012-07-05,87
2012-07-06,87
2012-07-10,87
2012-07-11,87
2012-07-12,87
2012-07-13,87
2012-07-16,87
2012-07-17,87
2012-07-18,87
2012-07-19,86
2012-07-20,86
2012-07-23,86
2012-07-24,86
2012-07-25,86
2012-07-26,86
2012-07-27,86
2012-07-30,86
2012-07-31,86
2012-08-01,86
2012-08-02,86
2012-08-03,86
2012-08-06,86
2012-08-07,86
2012-08-08,86
2012-08-09,86
2012-08-10,86
2012-08-13,86
2012-08-14,86
2012-08-15,86
2012-08-16,86
2012-08-17,86
2012-08-20,86
2012-08-21,86
2012-08-22,86
2012-08-23,86
2012-08-24,86
2012-08-27,86
2012-08-28,86
2012-08-29,86
2012-08-30,86
2012-08-31,86
2012-09-03,86
2012-09-04,86
2012-09-05,86
2012-09-06,86
2012-09-10,86
2012-09-11,86
2012-09-12,86
2012-09-13,86
2012-09-14,86
2012-09-17,86
2012-09-18,86
2012-09-19,86
2012-09-20,86
2012-09-21,86
2012-09-24,86
2012-09-25,86
2012-09-26,86
2012-09-27,86
2012-09-28,86
2012-10-01,86
2012-10-02,86
2012-10-03,86
2012-10-04,86
2012-10-05,86
2012-10-08,86
2012-10-09,86
2012-10-10,86
2012-10-11,86
2012-10-15,86
2012-10-16,86
2012-10-17,86
2012-10-18,85
2012-10-19,85
2012-10-22,85
2012-10-23,85
2012-10-24,85
2012-10-25,85
2012-10-26,85
2012-10-29,85
2012-10-30,85
2012-10-31,85
2012-11-01,85
2012-11-05,85
2012-11-06,85
2012-11-07,85
2012-11-08,85
2012-11-09,85
2012-11-12,85
2012-11-13,85
2012-11-14,85
2012-11-16,85
2012-11-19,85
2012-11-21,85
2012-11-22,85
2012-11-23,85
2012-11-26,85
2012-11-27,85
2012-11-28,85
2012-11-29,85
2012-11-30,85
2012-12-03,85
2012-12-04,85
2012-12-05,85
2012-12-06,85
2012-12-07,85
2012-12-10,85
2012-12-11,85
2012-12-12,85
2012-12-13,85
2012-12-14,85
2012-12-17,85
2012-12-18,85
2012-12-19,85
2012-12-20,85
2012-12-21,85
2012-12-26,85
2012-12-27,85
2012-12-28,85
2013-01-02,85
2013-01-03,85
2013-01-04,85
2013-01-07,85
2013-01-08,85
2013-01-09,85
2013-01-10,85
2013-01-11,85
2013-01-14,85
2013-01-15,85
2013-01-16,85
2013-01-17,85
2013-01-18,85
2013-01-21,85
2013-01-22,85
2013-01-23,85
2013-01-24,85
2013-01-28,85
2013-01-29,85
2013-01-30,85
2013-01-31,85
2013-02-01,85
2013-02-04,85
2013-02-05,85
2013-02-06,85
2013-02-07,85
2013-02-08,85
2013-02-13,85
2013-02-14,85
2013-02-15,85
2013-02-18,85
2013-02-19,85
2013-02-20,85
2013-02-21,85
2013-02-22,85
2013-02-25,85
2013-02-26,85
2013-02-27,85
2013-02-28,85
2013-03-01,85
2013-03-04,85
2013-03-05,85
2013-03-06,85
2013-03-07,85
2013-03-08,85
2013-03-11,85
2013-03-12,85
2013-03-13,85
2013-03-14,85
2013-03-15,85
2013-03-18,85
2013-03-19,85
2013-03-20,85
2013-03-21,85
2013-03-22,85
2013-03-25,85
2013-03-26,85
2013-03-27,85
2013-03-28,85
2013-04-01,85
2013-04-02,86
2013-04-03,86
2013-04-04,86
2013-04-05,86
2013-04-08,86
2013-04-09,86
2013-04-10,86
2013-04-11,86
2013-04-12,86
2013-04-15,86
2013-04-16,86
2013-04-17,86
2013-04-18,86
2013-04-19,86
2013-04-22,86
2013-04-23,86
2013-04-24,86
2013-04-25,86
2013-04-26,86
2013-04-29,86
2013-04-30,86
2013-05-02,86
2013-05-03,86
2013-05-06,86
2013-05-07,86
2013-05-08,86
2013-05-09,85
2013-05-10,85
2013-05-13,85
2013-05-14,85
2013-05-15,85
2013-05-16,85
2013-05-17,85
2013-05-20,85
2013-05-21,85
2013-05-22,85
2013-05-23,85
2013-05-24,85
2013-05-27,85
2013-05-28,85
2013-05-29,85
2013-05-31,85
2013-06-03,85
2013-06-04,85
2013-06-05,85
2013-06-06,85
2013-06-07,85
2013-06-10,85
2013-06-11,85
2013-06-12,85
2013-06-13,85
2013-06-14,85
2013-06-17,85
2013-06-18,85
2013-06-19,85
2013-06-20,85
2013-06-21,85
2013-06-24,85
2013-06-25,85
2013-06-26,85
2013-06-27,85
2013-06-28,85
2013-07-01,85
2013-07-02,86
2013-07-03,86
2013-07-04,86
2013-07-05,86
2013-07-08,86
2013-07-10,86
2013-07-11,86
2013-07-12,86
2013-07-15,86
2013-07-16,86
2013-07-17,86
2013-07-18,86
2013-07-19,86
2013-07-22,86
2013-07-23,86
2013-07-24,86
2013-07-25,86
2013-07-26,86
2013-07-29,86
2013-07-30,86
2013-07-31,86
2013-08-01,86
2013-08-02,86
2013-08-05,86
2013-08-06,86
2013-08-07,86
2013-08-08,86
2013-08-09,86
2013-08-12,86
2013-08-13,86
2013-08-14,86
2013-08-15,86
2013-08-16,86
2013-08-19,86
2013-08-20,86
2013-08-21,86
2013-08-22,86
2013-08-23,86
2013-08-26,86
2013-08-27,86
2013-08-28,86
2013-08-29,86
2013-08-30,86
2013-09-02,86
2013-09-03,86
2013-09-04,86
2013-09-05,86
2013-09-06,86
2013-09-09,86
2013-09-10,86
2013-09-11,87
2013-09-12,87
2013-09-13,87
2013-09-16,89
2013-09-17,89
2013-09-18,89
2013-09-19,89
2013-09-20,89
2013-09-23,89
2013-09-24,89
2013-09-25,89
2013-09-26,89
2013-09-27,89
2013-09-30,89
2013-10-01,89
2013-10-02,89
2013-10-03,89
2013-10-04,89
2013-10-07,89
2013-10-08,89
2013-10-09,89
2013-10-10,89
2013-10-11,89
2013-10-14,89
2013-10-15,89
2013-10-16,89
2013-10-17,89
2013-10-18,89
2013-10-21,89
2013-10-22,89
2013-10-23,89
2013-10-24,89
2013-10-25,89
2013-10-28,89
2013-10-29,89
2013-10-30,89
2013-10-31,89
2013-11-01,89
2013-11-04,89
2013-11-05,89
2013-11-06,89
2013-11-07,89
2013-11-08,89
2013-11-11,88
2013-11-12,88
2013-11-13,88
2013-11-14,88
2013-11-18,88
2013-11-19,88
2013-11-21,88
2013-11-22,88
2013-11-25,88
2013-11-26,88
2013-11-27,88
2013-11-28,88
2013-11-29,88
2013-12-02,88
2013-12-03,88
2013-12-04,88
2013-12-05,88
2013-12-06,88
2013-12-09,88
2013-12-10,88
2013-12-11,88
2013-12-12,88
2013-12-13,88
2013-12-16,88
2013-12-17,88
2013-12-18,88
2013-12-19,88
2013-12-20,88
2013-12-23,88
2013-12-26,88
2013-12-27,88
2013-12-30,88
2014-01-02,88
2014-01-03,88
2014-01-06,88
2014-01-07,88
2014-01-08,88
2014-01-09,88
2014-01-10,88
2014-01-13,88
2014-01-14,88
2014-01-15,88
2014-01-16,88
2014-01-17,88
2014-01-20,88
2014-01-21,88
2014-01-22,88
2014-01-23,88
2014-01-24,88
2014-01-27,88
2014-01-28,88
2014-01-29,88
2014-01-30,88
2014-01-31,88
2014-02-03,88
2014-02-04,88
2014-02-05,88
2014-02-06,88
2014-02-07,88
2014-02-10,88
2014-02-11,88
2014-02-12,88
2014-02-13,88
2014-02-14,88
2014-02-17,88
2014-02-18,88
2014-02-19,88
2014-02-20,88
2014-02-21,88
2014-02-24,88
2014-02-25,88
2014-02-26,88
2014-02-27,88
2014-02-28,88
2014-03-05,88
2014-03-06,88
2014-03-07,88
2014-03-10,88
2014-03-11,88
2014-03-12,88
2014-03-13,88
2014-03-14,88
2014-03-17,88
2014-03-18,88
2014-03-19,88
2014-03-20,88
2014-03-21,88
2014-03-24,89
2014-03-25,90
2014-03-26,90
2014-03-27,90
2014-03-28,90
2014-03-31,90
2014-04-01,90
2014-04-02,90
2014-04-03,90
2014-04-04,90
2014-04-07,90
2014-04-08,90
2014-04-09,90
2014-04-10,90
2014-04-11,90
2014-04-14,90
2014-04-15,90
2014-04-16,90
2014-04-17,90
2014-04-22,90
2014-04-23,90
2014-04-24,90
2014-04-25,90
2014-04-28,90
2014-04-29,90
2014-04-30,90
2014-05-02,90
2014-05-05,90
2014-05-06,91
2014-05-07,91
2014-05-08,91
2014-05-09,91
2014-05-12,91
2014-05-13,91
2014-05-14,92
2014-05-15,92
2014-05-16,92
2014-05-19,92
2014-05-20,92
2014-05-21,92
2014-05-22,92
2014-05-23,92
2014-05-26,92
2014-05-27,92
2014-05-28,92
2014-05-29,92
2014-05-30,92
2014-06-02,92
2014-06-03,92
2014-06-04,92
2014-06-05,92
2014-06-06,92
2014-06-09,92
2014-06-10,92
2014-06-11,92
2014-06-13,92
2014-06-16,92
2014-06-17,92
2014-06-18,93
2014-06-20,93
2014-06-23,93
2014-06-24,93
2014-06-25,93
2014-06-26,93
2014-06-27,93
2014-06-30,93
2014-07-01,93
2014-07-02,93
2014-07-03,93
2014-07-04,92
2014-07-07,92
2014-07-08,92
2014-07-10,92
2014-07-11,92
2014-07-14,92
2014-07-15,92
2014-07-16,92
2014-07-17,92
2014-07-18,92
2014-07-21,92
2014-07-22,92
2014-07-23,92
2014-07-24,92
2014-07-25,92
2014-07-28,92
2014-07-29,92
2014-07-30,92
2014-07-31,92
2014-08-01,92
2014-08-04,92
2014-08-05,92
2014-08-06,92
2014-08-07,92
2014-08-08,92
2014-08-11,92
2014-08-12,92
2014-08-13,92
2014-08-14,92
2014-08-15,92
2014-08-18,92
2014-08-19,92
2014-08-20,92
2014-08-21,92
2014-08-22,92
2014-08-25,92
2014-08-26,92
2014-08-27,92
2014-08-28,92
2014-08-29,92
2014-09-01,92
2014-09-02,92
2014-09-03,92
2014-09-04,92
2014-09-05,92
2014-09-08,92
2014-09-09,92
2014-09-10,92
2014-09-11,92
2014-09-12,92
2014-09-15,92
2014-09-16,92
2014-09-17,92
2014-09-18,92
2014-09-19,92
2014-09-22,92
2014-09-23,92
2014-09-24,92
2014-09-25,92
2014-09-26,92
2014-09-29,92
2014-09-30,92
2014-10-01,92
2014-10-02,92
2014-10-03,92
2014-10-06,92
2014-10-07,92
2014-10-08,92
2014-10-09,92
2014-10-10,92
2014-10-13,92
2014-10-14,92
2014-10-15,92
2014-10-16,92
2014-10-17,92
2014-10-20,92
2014-10-21,92
2014-10-22,92
2014-10-23,92
2014-10-24,92
2014-10-27,92
2014-10-28,92
2014-10-29,92
2014-10-30,92
2014-10-31,92
2014-11-03,92
2014-11-04,92
2014-11-05,92
2014-11-06,92
2014-11-07,92
2014-11-10,92
2014-11-11,92
2014-11-12,92
2014-11-13,92
2014-11-14,92
2014-11-17,92
2014-11-18,92
2014-11-19,92
2014-11-21,92
2014-11-24,92
2014-11-25,92
2014-11-26,92
2014-11-27,92
2014-11-28,92
2014-12-01,92
2014-12-02,92
2014-12-03,92
2014-12-04,92
2014-12-05,92
2014-12-08,92
2014-12-09,92
2014-12-10,92
2014-12-11,92
2014-12-12,92
2014-12-15,92
2014-12-16,92
2014-12-17,92
2014-12-18,92
2014-12-19,92
2014-12-22,92
2014-12-23,92
2014-12-26,92
2014-12-29,92
2014-12-30,92
2015-01-02,92
2015-01-05,92
2015-01-06,92
2015-01-07,92
2015-01-08,92
2015-01-09,92
2015-01-12,92
2015-01-13,92
2015-01-14,92
2015-01-15,92
2015-01-16,92
2015-01-19,92
2015-01-20,92
2015-01-21,92
2015-01-22,92
2015-01-23,92
2015-01-26,92
2015-01-27,92
2015-01-28,92
2015-01-29,92
2015-01-30,92
2015-02-02,92
2015-02-03,92
2015-02-04,92
2015-02-05,92
2015-02-06,92
2015-02-09,92
2015-02-10,92
2015-02-11,92
2015-02-12,92
2015-02-13,92
2015-02-18,92
2015-02-19,92
2015-02-20,92
2015-02-23,92
2015-02-24,92
2015-02-25,92
2015-02-26,92
2015-02-27,92
2015-03-02,92
2015-03-03,92
2015-03-04,92
2015-03-05,92
2015-03-06,92
2015-03-09,92
2015-03-10,92
2015-03-11,92
2015-03-12,92
2015-03-13,92
2015-03-16,92
2015-03-17,92
2015-03-18,92
2015-03-19,92
2015-03-20,92
2015-03-23,92
2015-03-24,92
2015-03-25,92
2015-03-26,92
2015-03-27,92
2015-03-30,92
2015-03-31,92
2015-04-01,92
2015-04-02,92
2015-04-06,92
2015-04-07,92
2015-04-08,92
2015-04-09,92
2015-04-10,92
2015-04-13,92
2015-04-14,92
2015-04-15,92
2015-04-16,92
2015-04-17,92
2015-04-20,92
2015-04-22,92
2015-04-23,92
2015-04-24,92
2015-04-27,92
2015-04-28,92
2015-04-29,92
2015-04-30,92
2015-05-04,92
2015-05-05,92
2015-05-06,92
2015-05-07,92
2015-05-08,92
2015-05-11,92
2015-05-12,92
2015-05-13,92
2015-05-14,92
2015-05-15,92
2015-05-18,92
2015-05-19,92
2015-05-20,92
2015-05-21,92
2015-05-22,92
2015-05-25,92
2015-05-26,92
2015-05-27,92
2015-05-28,92
2015-05-29,92
2015-06-01,92
2015-06-02,92
2015-06-03,92
2015-06-05,92
2015-06-08,92
2015-06-09,92
2015-06-10,92
2015-06-11,92
2015-06-12,92
2015-06-15,92
2015-06-16,92
2015-06-17,92
2015-06-18,92
2015-06-19,92
2015-06-22,92
2015-06-23,92
2015-06-24,92
2015-06-25,92
2015-06-26,92
2015-06-29,92
2015-06-30,92
2015-07-01,92
2015-07-02,92
2015-07-03,92
2015-07-06,92
2015-07-07,92
2015-07-08,92
2015-07-10,92
2015-07-13,92
2015-07-14,92
2015-07-15,92
2015-07-16,92
2015-07-17,92
2015-07-20,92
2015-07-21,92
2015-07-22,92
2015-07-23,92
2015-07-24,92
2015-07-27,92
2015-07-28,92
2015-07-29,92
2015-07-30,92
2015-07-31,92
2015-08-03,92
2015-08-04,92
2015-08-05,92
2015-08-06,92
2015-08-07,92
2015-08-10,92
2015-08-11,92
2015-08-12,92
2015-08-13,92
2015-08-14,92
2015-08-17,92
2015-08-18,92
2015-08-19,92
2015-08-20,92
2015-08-21,92
2015-08-24,93
2015-08-25,93
2015-08-26,93
2015-08-27,93
2015-08-28,93
2015-08-31,93
2015-09-01,93
2015-09-02,93
2015-09-03,93
2015-09-04,93
2015-09-08,93
2015-09-09,93
2015-09-10,93
2015-09-11,93
2015-09-14,93
2015-09-15,93
2015-09-16,93
2015-09-17,93
2015-09-18,93
2015-09-21,93
2015-09-22,93
2015-09-23,93
2015-09-24,93
2015-09-25,93
2015-09-28,93
2015-09-29,93
2015-09-30,93
2015-10-01,93
2015-10-02,93
2015-10-05,93
2015-10-06,93
2015-10-07,93
2015-10-08,93
2015-10-09,93
2015-10-13,93
2015-10-14,93
2015-10-15,93
2015-10-16,93
2015-10-19,93
2015-10-20,93
2015-10-21,93
2015-10-22,93
2015-10-23,94
2015-10-26,94
2015-10-27,94
2015-10-28,94
2015-10-29,94
2015-10-30,94
2015-11-03,94
2015-11-04,94
2015-11-05,94
2015-11-06,94
2015-11-09,94
2015-11-10,94
2015-11-11,94
2015-11-12,94
2015-11-13,94
2015-11-16,94
2015-11-17,94
2015-11-18,94
2015-11-19,94
2015-11-23,94
2015-11-24,94
2015-11-25,94
2015-11-26,94
2015-11-27,94
2015-11-30,94
2015-12-01,93
2015-12-02,93
2015-12-03,93
2015-12-04,93
2015-12-07,93
2015-12-08,93
2015-12-09,93
2015-12-10,93
2015-12-11,93
2015-12-14,93
2015-12-15,93
2015-12-16,93
2015-12-17,93
2015-12-18,93
2015-12-21,93
2015-12-22,93
2015-12-23,93
2015-12-28,93
2015-12-29,93
2015-12-30,93
2016-01-04,92
2016-01-05,92
2016-01-06,92
2016-01-07,92
2016-01-08,92
2016-01-11,92
2016-01-12,92
2016-01-13,92
2016-01-14,92
2016-01-15,92
2016-01-18,92
2016-01-19,92
2016-01-20,92
2016-01-21,92
2016-01-22,92
2016-01-26,92
2016-01-27,92
2016-01-28,92
2016-01-29,92
2016-02-01,92
2016-02-02,92
2016-02-03,92
2016-02-04,92
2016-02-05,92
2016-02-10,92
2016-02-11,92
2016-02-12,92
2016-02-15,92
2016-02-16,92
2016-02-17,92
2016-02-18,92
2016-02-19,92
2016-02-22,92
2016-02-23,92
2016-02-24,92
2016-02-25,92
2016-02-26,92
2016-02-29,92
2016-03-01,92
2016-03-02,92
2016-03-03,92
2016-03-04,92
2016-03-07,92
2016-03-08,92
2016-03-09,92
2016-03-10,92
2016-03-11,92
2016-03-14,92
2016-03-15,92
2016-03-16,92
2016-03-17,92
2016-03-18,92
2016-03-21,92
2016-03-22,92
2016-03-23,92
2016-03-24,92
2016-03-28,92
2016-03-29,92
2016-03-30,92
2016-03-31,92
2016-04-01,92
2016-04-04,92
2016-04-05,92
2016-04-06,92
2016-04-07,92
2016-04-08,92
2016-04-11,91
2016-04-12,92
2016-04-13,92
2016-04-14,92
2016-04-15,92
2016-04-18,92
2016-04-19,92
2016-04-20,92
2016-04-22,92
2016-04-25,92
2016-04-26,92
2016-04-27,92
2016-04-28,92
2016-04-29,92
2016-05-02,92
2016-05-03,92
2016-05-04,92
2016-05-05,92
2016-05-06,92
2016-05-09,92
2016-05-10,92
2016-05-11,92
2016-05-12,92
2016-05-13,92
2016-05-16,92
2016-05-17,92
2016-05-18,92
2016-05-19,92
2016-05-20,92
2016-05-23,92
2016-05-24,92
2016-05-25,92
2016-05-27,93
2016-05-30,93
2016-05-31,93
2016-06-01,93
2016-06-02,93
2016-06-03,93
2016-06-06,93
2016-06-07,93
2016-06-08,93
2016-06-09,93
2016-06-10,93
2016-06-13,93
2016-06-14,93
2016-06-15,93
2016-06-16,93
2016-06-17,93
2016-06-20,93
2016-06-21,93
2016-06-22,93
2016-06-23,93
2016-06-24,93
2016-06-27,93
2016-06-28,93
2016-06-29,93
2016-06-30,93
2016-07-01,93
2016-07-04,93
2016-07-05,93
2016-07-06,93
2016-07-07,93
2016-07-08,93
2016-07-11,93
2016-07-12,93
2016-07-13,93
2016-07-14,93
2016-07-15,93
2016-07-18,93
2016-07-19,93
2016-07-20,93
2016-07-21,93
2016-07-22,93
2016-07-25,93
2016-07-26,93
2016-07-27,93
2016-07-28,93
2016-07-29,93
2016-08-01,93
2016-08-02,93
2016-08-03,93
2016-08-04,93
2016-08-05,93
2016-08-08,93
2016-08-09,93
2016-08-10,93
2016-08-11,93
2016-08-12,93
2016-08-15,93
2016-08-16,93
2016-08-17,93
2016-08-18,93
2016-08-19,93
2016-08-22,93
2016-08-23,93
2016-08-24,93
2016-08-25,93
2016-08-26,93
2016-08-29,93
2016-08-30,93
2016-08-31,93
2016-09-01,93
2016-09-02,93
2016-09-05,93
2016-09-06,93
2016-09-08,93
2016-09-09,93
2016-09-12,93
2016-09-13,93
2016-09-14,93
2016-09-15,93
2016-09-16,93
2016-09-19,93
2016-09-20,93
2016-09-21,93
2016-09-22,93
2016-09-23,93
2016-09-26,93
2016-09-27,93
2016-09-28,93
2016-09-29,93
2016-09-30,93
2016-10-03,93
2016-10-04,93
2016-10-05,93
2016-10-06,93
2016-10-07,93
2016-10-10,93
2016-10-11,93
2016-10-13,93
2016-10-14,93
2016-10-17,93
2016-10-18,93
2016-10-19,93
2016-10-20,93
2016-10-21,93
2016-10-24,93
2016-10-25,93
2016-10-26,93
2016-10-27,93
2016-10-28,93
2016-10-31,93
2016-11-01,93
2016-11-03,93
2016-11-04,93
2016-11-07,93
2016-11-08,93
2016-11-09,93
2016-11-10,93
2016-11-11,93
2016-11-14,93
2016-11-16,93
2016-11-17,93
2016-11-18,93
2016-11-21,93
2016-11-22,93
2016-11-23,93
2016-11-24,93
2016-11-25,93
2016-11-28,93
2016-11-29,93
2016-11-30,93
2016-12-01,93
2016-12-02,93
2016-12-05,93
2016-12-06,93
2016-12-07,93
2016-12-08,93
2016-12-09,93
2016-12-12,93
2016-12-13,93
2016-12-14,93
2016-12-15,93
2016-12-16,93
2016-12-19,93
2016-12-20,93
2016-12-21,93
2016-12-22,93
2016-12-23,93
2016-12-26,93
2016-12-27,93
2016-12-28,93
2016-12-29,93
2017-01-02,93
2017-01-03,93
2017-01-04,93
2017-01-05,93
2017-01-06,93
2017-01-09,93
2017-01-10,93
2017-01-11,93
2017-01-12,94
2017-01-13,94
2017-01-16,94
2017-01-17,94
2017-01-18,94
2017-01-19,94
2017-01-20,94
2017-01-23,94
2017-01-24,94
2017-01-26,94
2017-01-27,94
2017-01-30,94
2017-01-31,94
2017-02-01,94
2017-02-02,94
2017-02-03,94
2017-02-06,94
2017-02-07,94
2017-02-08,94
2017-02-09,94
2017-02-10,94
2017-02-13,94
2017-02-14,94
2017-02-15,94
2017-02-16,94
2017-02-17,94
2017-02-20,94
2017-02-21,94
2017-02-22,94
2017-02-23,94
2017-02-24,94
2017-03-01,94
2017-03-02,94
2017-03-03,94
2017-03-06,94
2017-03-07,94
2017-03-08,94
2017-03-09,94
2017-03-10,94
2017-03-13,93
2017-03-14,93
2017-03-15,93
2017-03-16,93
2017-03-17,93
2017-03-20,93
2017-03-21,93
2017-03-22,93
2017-03-23,93
2017-03-24,93
2017-03-27,93
2017-03-28,93
2017-03-29,93
2017-03-30,92
2017-03-31,92
2017-04-03,92
2017-04-04,92
2017-04-05,92
2017-04-06,92
2017-04-07,92
2017-04-10,92
2017-04-11,92
2017-04-12,92
2017-04-13,92
2017-04-17,92
2017-04-18,92
2017-04-19,92
2017-04-20,92
2017-04-24,92
2017-04-25,92
2017-04-26,92
2017-04-27,92
2017-04-28,92
2017-05-02,92
2017-05-03,92
2017-05-04,92
2017-05-05,92
2017-05-08,92
2017-05-09,92
2017-05-10,92
2017-05-11,92
2017-05-12,92
2017-05-15,92
2017-05-16,92
2017-05-17,92
2017-05-18,92
2017-05-19,92
2017-05-22,92
2017-05-23,92
2017-05-24,92
2017-05-25,92
2017-05-26,92
2017-05-29,92
2017-05-30,92
2017-05-31,92
2017-06-01,92
2017-06-02,92
2017-06-05,92
2017-06-06,92
2017-06-07,92
2017-06-08,92
2017-06-09,92
2017-06-12,92
2017-06-13,92
2017-06-14,92
2017-06-16,92
2017-06-19,92
2017-06-20,92
2017-06-21,92
2017-06-22,92
2017-06-23,92
2017-06-26,92
2017-06-27,92
2017-06-28,92
2017-06-29,92
2017-06-30,92
2017-07-03,93
2017-07-04,93
2017-07-05,93
2017-07-06,93
2017-07-07,94
2017-07-10,94
2017-07-11,94
2017-07-12,94
2017-07-13,94
2017-07-14,94
2017-07-17,94
2017-07-18,94
2017-07-19,94
2017-07-20,94
2017-07-21,94
2017-07-24,94
2017-07-25,94
2017-07-26,94
2017-07-27,94
2017-07-28,94
2017-07-31,94
2017-08-01,94
2017-08-02,95
2017-08-03,95
2017-08-04,95
2017-08-07,95
2017-08-08,95
2017-08-09,95
2017-08-10,95
2017-08-11,96
2017-08-14,96
2017-08-15,96
2017-08-16,96
2017-08-17,96
2017-08-18,96
2017-08-21,96
2017-08-22,96
2017-08-23,96
2017-08-24,96
2017-08-25,96
2017-08-28,96
2017-08-29,96
2017-08-30,97
2017-08-31,97
2017-09-01,97
2017-09-04,97
2017-09-05,97
2017-09-06,97
2017-09-08,97
2017-09-11,97
2017-09-12,97
2017-09-13,97
2017-09-14,97
2017-09-15,97
2017-09-18,97
2017-09-19,97
2017-09-20,97
2017-09-21,98
2017-09-22,98
2017-09-25,98
2017-09-26,98
2017-09-27,98
2017-09-28,98
2017-09-29,98
2017-10-02,98
2017-10-03,98
2017-10-04,98
2017-10-05,98
2017-10-06,98
2017-10-09,98
2017-10-10,98
2017-10-11,98
2017-10-13,98
2017-10-16,98
2017-10-17,98
2017-10-18,98
2017-10-19,98
2017-10-20,98
2017-10-23,98
2017-10-24,98
2017-10-25,98
2017-10-26,98
2017-10-27,98
2017-10-30,98
2017-10-31,98
2017-11-01,98
2017-11-03,98
2017-11-06,98
2017-11-07,98
2017-11-08,98
2017-11-09,98
2017-11-10,98
2017-11-13,98
2017-11-14,98
2017-11-16,98
2017-11-17,98
2017-11-21,98
2017-11-22,98
2017-11-23,98
2017-11-24,98
2017-11-27,97
2017-11-28,97
2017-11-29,97
2017-11-30,97
2017-12-01,97
2017-12-04,97
2017-12-05,97
2017-12-06,97
2017-12-07,97
2017-12-08,97
2017-12-11,98
2017-12-12,98
2017-12-13,98
2017-12-14,98
2017-12-15,98
2017-12-18,98
2017-12-19,98
2017-12-20,100
2017-12-21,100
2017-12-22,100
2017-12-26,100
2017-12-27,100
2017-12-28,100
2018-01-02,100
2018-01-03,100
2018-01-04,100
2018-01-05,100
2018-01-08,100
2018-01-09,100
2018-01-10,100
2018-01-11,100
2018-01-12,100
2018-01-15,100
2018-01-16,100
2018-01-17,100
2018-01-18,100
2018-01-19,100
2018-01-22,100
2018-01-23,100
2018-01-24,100
2018-01-26,100
2018-01-29,100
2018-01-30,100
2018-01-31,100
2018-02-01,100
2018-02-02,100
2018-02-05,100
2018-02-06,100
2018-02-07,100
2018-02-08,100
2018-02-09,100
2018-02-14,100
2018-02-15,100
2018-02-16,100
2018-02-19,100
2018-02-20,100
2018-02-21,100
2018-02-22,100
2018-02-23,100
2018-02-26,101
2018-02-27,101
2018-02-28,101
2018-03-01,101
2018-03-02,101
2018-03-05,101
2018-03-06,101
2018-03-07,101
2018-03-08,101
2018-03-09,101
2018-03-12,101
2018-03-13,101
2018-03-14,101
2018-03-15,101
2018-03-16,101
2018-03-19,101
2018-03-20,101
2018-03-21,101
2018-03-22,101
2018-03-23,101
2018-03-26,101
2018-03-27,101
2018-03-28,101
2018-03-29,101
2018-04-02,101
2018-04-03,101
2018-04-04,101
2018-04-05,101
2018-04-06,101
2018-04-09,101
2018-04-10,102
2018-04-11,102
2018-04-12,102
2018-04-13,102
2018-04-16,102
2018-04-17,102
2018-04-18,103
2018-04-19,103
2018-04-20,103
2018-04-23,103
2018-04-24,103
2018-04-25,103
2018-04-26,103
2018-04-27,103
2018-04-30,103
2018-05-02,103
2018-05-03,103
2018-05-04,103
2018-05-07,103
2018-05-08,103
2018-05-09,103
2018-05-10,103
2018-05-11,104
2018-05-14,105
2018-05-15,105
2018-05-16,105
2018-05-17,105
2018-05-18,105
2018-05-21,105
2018-05-22,105
2018-05-23,105
2018-05-24,105
2018-05-25,105
2018-05-28,105
2018-05-29,105
2018-05-30,105
2018-06-01,105
2018-06-04,105
2018-06-05,105
2018-06-06,105
2018-06-07,105
2018-06-08,105
2018-06-11,105
2018-06-12,105
2018-06-13,105
2018-06-14,105
2018-06-15,105
2018-06-18,105
2018-06-19,105
2018-06-20,105
2018-06-21,105
2018-06-22,105
2018-06-25,105
2018-06-26,105
2018-06-27,105
2018-06-28,105
2018-06-29,105
2018-07-02,105
2018-07-03,105
2018-07-04,105
2018-07-05,105
2018-07-06,105
2018-07-10,105
2018-07-11,105
2018-07-12,105
2018-07-13,105
2018-07-16,105
2018-07-17,105
2018-07-18,105
2018-07-19,105
2018-07-20,105
2018-07-23,105
2018-07-24,105
2018-07-25,105
2018-07-26,105
2018-07-27,105
2018-07-30,105
2018-07-31,105
2018-08-01,105
2018-08-02,105
2018-08-03,105
2018-08-06,105
2018-08-07,105
2018-08-08,105
2018-08-09,105
2018-08-10,105
2018-08-13,105
2018-08-14,105
2018-08-15,105
2018-08-16,105
2018-08-17,105
2018-08-20,105
2018-08-21,105
2018-08-22,105
2018-08-23,105
2018-08-24,105
2018-08-27,105
2018-08-28,105
2018-08-29,105
2018-08-30,105
2018-08-31,105
2018-09-03,105
2018-09-04,105
2018-09-05,105
2018-09-06,105
2018-09-10,105
2018-09-11,106
2018-09-12,106
2018-09-13,107
2018-09-14,107
2018-09-17,107
2018-09-18,107
2018-09-19,107
2018-09-20,107
2018-09-21,107
2018-09-24,107
2018-09-25,107
2018-09-26,107
2018-09-27,107
2018-09-28,107
2018-10-01,107
2018-10-02,107
2018-10-03,107
2018-10-04,107
2018-10-05,107
2018-10-08,107
2018-10-09,107
2018-10-10,107
2018-10-11,107
2018-10-15,107
2018-10-16,107
2018-10-17,107
2018-10-18,107
2018-10-19,107
2018-10-22,107
2018-10-23,107
2018-10-24,107
2018-10-25,107
2018-10-26,107
2018-10-29,107
2018-10-30,107
2018-10-31,107
2018-11-01,107
2018-11-05,107
2018-11-06,107
2018-11-07,107
2018-11-08,107
2018-11-09,107
2018-11-12,107
2018-11-13,107
2018-11-14,107
2018-11-16,107
2018-11-19,107
2018-11-21,107
2018-11-22,107
2018-11-23,107
2018-11-26,106
2018-11-27,106
2018-11-28,106
2018-11-29,106
2018-11-30,106
2018-12-03,106
2018-12-04,106
2018-12-05,106
2018-12-06,106
2018-12-07,106
2018-12-10,106
2018-12-11,106
2018-12-12,106
2018-12-13,106
2018-12-14,106
2018-12-17,106
2018-12-18,106
2018-12-19,106
2018-12-20,106
2018-12-21,106
2018-12-26,106
2018-12-27,106
2018-12-28,106
2019-01-02,106
2019-01-03,106
2019-01-04,105
2019-01-07,105
2019-01-08,105
2019-01-09,105
2019-01-10,105
2019-01-11,105
2019-01-14,105
2019-01-15,105
2019-01-16,105
2019-01-17,105
2019-01-18,105
2019-01-21,105
2019-01-22,105
2019-01-23,105
2019-01-24,105
2019-01-28,105
2019-01-29,105
2019-01-30,105
2019-01-31,105
2019-02-01,105
2019-02-04,105
2019-02-05,105
2019-02-06,105
2019-02-07,105
2019-02-08,105
2019-02-11,105
2019-02-12,105
2019-02-13,105
2019-02-14,105
2019-02-15,105
2019-02-18,105
2019-02-19,105
2019-02-20,105
2019-02-21,105
2019-02-22,105
2019-02-25,105
2019-02-26,105
2019-02-27,105
2019-02-28,105
2019-03-01,105
2019-03-06,105
2019-03-07,105
2019-03-08,105
2019-03-11,105
2019-03-12,105
2019-03-13,105
2019-03-14,105
2019-03-15,105
2019-03-18,105
2019-03-19,105
2019-03-20,105
2019-03-21,105
2019-03-22,105
2019-03-25,105
2019-03-26,105
2019-03-27,105
2019-03-28,105
2019-03-29,105
2019-04-01,105
2019-04-02,105
2019-04-03,105
2019-04-04,105
2019-04-05,105
2019-04-08,105
2019-04-09,105
2019-04-10,105
2019-04-11,105
2019-04-12,105
2019-04-15,105
2019-04-16,105
2019-04-17,105
2019-04-18,105
2019-04-22,105
2019-04-23,104
2019-04-24,104
2019-04-25,104
2019-04-26,104
2019-04-29,104
2019-04-30,104
2019-05-02,104
2019-05-03,104
2019-05-06,104
2019-05-07,104
2019-05-08,104
2019-05-09,104
2019-05-10,104
2019-05-13,104
2019-05-14,104
2019-05-15,104
2019-05-16,104
2019-05-17,104
2019-05-20,104
2019-05-21,105
2019-05-22,105
2019-05-23,105
2019-05-24,105
2019-05-27,105
2019-05-28,105
2019-05-29,105
2019-05-30,105
2019-05-31,105
2019-06-03,105
2019-06-04,105
2019-06-05,105
2019-06-06,105
2019-06-07,105
2019-06-10,105
2019-06-11,105
2019-06-12,105
2019-06-13,105
2019-06-14,105
2019-06-17,105
2019-06-18,105
2019-06-19,105
2019-06-21,105
2019-06-24,105
2019-06-25,105
2019-06-26,105
2019-06-27,105
2019-06-28,105
2019-07-01,105
2019-07-02,105
2019-07-03,105
2019-07-04,105
2019-07-05,105
2019-07-08,105
2019-07-10,105
2019-07-11,105
2019-07-12,105
2019-07-15,105
2019-07-16,105
2019-07-17,105
2019-07-18,105
2019-07-19,105
2019-07-22,105
2019-07-23,105
2019-07-24,105
2019-07-25,105
2019-07-26,105
2019-07-29,105
2019-07-30,105
2019-07-31,105
2019-08-01,105
2019-08-02,105
2019-08-05,105
2019-08-06,104
2019-08-07,104
2019-08-08,104
2019-08-09,104
2019-08-12,104
2019-08-13,104
2019-08-14,104
2019-08-15,104
2019-08-16,104
2019-08-19,104
2019-08-20,104
2019-08-21,104
2019-08-22,104
2019-08-23,104
2019-08-26,104
2019-08-27,104
2019-08-28,104
2019-08-29,104
2019-08-30,104
2019-09-02,104
2019-09-03,104
2019-09-04,104
2019-09-05,105
2019-09-06,105
2019-09-09,105
2019-09-10,105
2019-09-11,105
2019-09-12,105
2019-09-13,105
2019-09-16,105
2019-09-17,105
2019-09-18,105
2019-09-19,105
2019-09-20,105
2019-09-23,105
2019-09-24,105
2019-09-25,105
2019-09-26,105
2019-09-27,105
2019-09-30,105
2019-10-01,105
2019-10-02,105
2019-10-03,105
2019-10-04,105
2019-10-07,105
2019-10-08,105
2019-10-09,105
2019-10-10,105
2019-10-11,105
2019-10-14,105
2019-10-15,105
2019-10-16,105
2019-10-17,105
2019-10-18,105
2019-10-21,105
2019-10-22,105
2019-10-23,105
2019-10-24,105
2019-10-25,105
2019-10-28,105
2019-10-29,105
2019-10-30,105
2019-10-31,105
2019-11-01,105
2019-11-04,105
2019-11-05,105
2019-11-06,105
2019-11-07,105
2019-11-08,105
2019-11-11,105
2019-11-12,105
2019-11-13,105
2019-11-14,106
2019-11-18,106
2019-11-19,106
2019-11-21,106
2019-11-22,106
2019-11-25,106
2019-11-26,106
2019-11-27,106
2019-11-28,106
2019-11-29,106
2019-12-02,106
2019-12-03,106
2019-12-04,106
2019-12-05,106
2019-12-06,107
2019-12-09,107
2019-12-10,107
2019-12-11,107
2019-12-12,107
2019-12-13,107
2019-12-16,107
2019-12-17,107
2019-12-18,107
2019-12-19,107
2019-12-20,107
2019-12-23,107
2019-12-26,107
2019-12-27,107
2019-12-30,107
2020-01-02,107
2020-01-03,107
2020-01-06,107
2020-01-07,107
2020-01-08,107
2020-01-09,107
2020-01-10,107
2020-01-13,107
2020-01-14,107
2020-01-15,107
2020-01-16,107
2020-01-17,107
2020-01-20,107
2020-01-21,107
2020-01-22,107
2020-01-23,107
2020-01-24,107
2020-01-27,107
2020-01-28,107
2020-01-29,107
2020-01-30,107
2020-01-31,107
2020-02-03,107
2020-02-04,107
2020-02-05,107
2020-02-06,107
2020-02-07,107
2020-02-10,107
2020-02-11,107
2020-02-12,107
2020-02-13,107
2020-02-14,107
2020-02-17,107
2020-02-18,107
2020-02-19,107
2020-02-20,107
2020-02-21,107
2020-02-26,107
2020-02-27,107
2020-02-28,107
2020-03-02,107
2020-03-03,107
2020-03-04,107
2020-03-05,107
2020-03-06,108
2020-03-09,108
2020-03-10,108
2020-03-11,108
2020-03-12,108
2020-03-13,108
2020-03-16,108
2020-03-17,108
2020-03-18,108
2020-03-19,108
2020-03-20,108
2020-03-23,109
2020-03-24,109
2020-03-25,110
2020-03-26,110
2020-03-27,110
2020-03-30,110
2020-03-31,110
2020-04-01,110
2020-04-02,110
2020-04-03,110
2020-04-06,110
2020-04-07,110
2020-04-08,110
2020-04-09,110
2020-04-13,110
2020-04-14,110
2020-04-15,110
2020-04-16,110
2020-04-17,110
2020-04-20,110
2020-04-22,110
2020-04-23,110
2020-04-24,110
2020-04-27,110
2020-04-28,110
2020-04-29,110
2020-04-30,110
2020-05-04,110
2020-05-05,110
2020-05-06,110
2020-05-07,110
2020-05-08,110
2020-05-11,110
2020-05-12,110
2020-05-13,110
2020-05-14,110
2020-05-15,110
2020-05-18,110
2020-05-19,110
2020-05-20,110
2020-05-21,110
2020-05-22,110
2020-05-25,110
2020-05-26,110
2020-05-27,110
2020-05-28,110
2020-05-29,110
2020-06-01,110
2020-06-02,110
2020-06-03,110
2020-06-04,110
2020-06-05,110
2020-06-08,110
2020-06-09,110
2020-06-10,110
2020-06-12,110
2020-06-15,110
2020-06-16,110
2020-06-17,110
2020-06-18,110
2020-06-19,110
2020-06-22,110
2020-06-23,110
2020-06-24,110
2020-06-25,110
2020-06-26,110
2020-06-29,111
2020-06-30,112
2020-07-01,112
2020-07-02,112
2020-07-03,112
2020-07-06,112
2020-07-07,112
2020-07-08,112
2020-07-09,112
2020-07-10,112
2020-07-13,112
2020-07-14,112
2020-07-15,112
2020-07-16,112
2020-07-17,112
2020-07-20,112
2020-07-21,112
2020-07-22,112
2020-07-23,112
2020-07-24,112
2020-07-27,112
2020-07-28,112
2020-07-29,112
2020-07-30,112
2020-07-31,112
2020-08-03,112
2020-08-04,112
2020-08-05,112
2020-08-06,112
2020-08-07,112
2020-08-10,112
2020-08-11,112
2020-08-12,112
2020-08-13,112
2020-08-14,112
2020-08-17,112
2020-08-18,112
2020-08-19,112
2020-08-20,112
2020-08-21,112
2020-08-24,112
2020-08-25,112
2020-08-26,112
2020-08-27,112
2020-08-28,112
2020-08-31,112
2020-09-01,112
2020-09-02,112
2020-09-03,112
2020-09-04,112
2020-09-08,112
2020-09-09,112
2020-09-10,112
2020-09-11,112
2020-09-14,112
2020-09-15,112
2020-09-16,112
2020-09-17,112
2020-09-18,112
2020-09-21,112
2020-09-22,112
2020-09-23,112
2020-09-24,112
2020-09-25,112
2020-09-28,112
2020-09-29,112
2020-09-30,112
2020-10-01,112
2020-10-02,112
2020-10-05,112
2020-10-06,112
2020-10-07,112
2020-10-08,112
2020-10-09,112
2020-10-13,112
2020-10-14,112
2020-10-15,112
2020-10-16,112
2020-10-19,112
2020-10-20,112
2020-10-21,112
2020-10-22,112
2020-10-23,112
2020-10-26,112
2020-10-27,112
2020-10-28,112
2020-10-29,112
2020-10-30,112
2020-11-03,112
2020-11-04,112
2020-11-05,112
2020-11-06,112
2020-11-09,112
2020-11-10,112
2020-11-11,112
2020-11-12,112
2020-11-13,112
2020-11-16,112
2020-11-17,112
2020-11-18,112
2020-11-19,112
2020-11-20,112
2020-11-23,111
2020-11-24,112
2020-11-25,112
2020-11-26,112
2020-11-27,112
2020-11-30,113
2020-12-01,113
2020-12-02,113
2020-12-03,113
2020-12-04,113
2020-12-07,113
2020-12-08,113
2020-12-09,113
2020-12-10,113
2020-12-11,113
2020-12-14,113
2020-12-15,113
2020-12-16,113
2020-12-17,113
2020-12-18,114
2020-12-21,114
2020-12-22,114
2020-12-23,114
2020-12-28,114
2020-12-29,114
2020-12-30,115
2021-01-04,115
2021-01-05,115
2021-01-06,115
2021-01-07,115
2021-01-08,115
2021-01-11,115
2021-01-12,115
2021-01-13,115
2021-01-14,115
2021-01-15,115
2021-01-18,115
2021-01-19,115
2021-01-20,115
2021-01-21,115
2021-01-22,115
2021-01-26,115
2021-01-27,117
2021-01-28,117
2021-01-29,117
2021-02-01,117
2021-02-02,117
2021-02-03,118
2021-02-04,119
2021-02-05,119
2021-02-08,119
2021-02-09,119
2021-02-10,120
2021-02-11,120
2021-02-12,121
2021-02-17,121
2021-02-18,121
2021-02-19,121
2021-02-22,122
2021-02-23,122
2021-02-24,122
2021-02-25,123
2021-02-26,123
2021-03-01,123
2021-03-02,123
2021-03-03,123
2021-03-04,123
2021-03-05,123
2021-03-08,123
2021-03-09,124
2021-03-10,124
2021-03-11,124
2021-03-12,124
2021-03-15,124
2021-03-16,124
2021-03-17,124
2021-03-18,124
2021-03-19,124
2021-03-22,124
2021-03-23,124
2021-03-24,124
2021-03-25,124
2021-03-26,124
2021-03-29,124
2021-03-30,124
2021-03-31,125
2021-04-01,125
2021-04-05,125
2021-04-06,125
2021-04-07,125
2021-04-08,126
2021-04-09,126
2021-04-12,126
2021-04-13,126
2021-04-14,126
2021-04-15,126
2021-04-16,126
2021-04-19,126
2021-04-20,126
2021-04-22,126
2021-04-23,126
2021-04-26,126
2021-04-27,126
2021-04-28,126
2021-04-29,126
2021-04-30,126
2021-05-03,126
2021-05-04,126
2021-05-05,126
2021-05-06,126
2021-05-07,127
2021-05-10,127
2021-05-11,127
2021-05-12,127
2021-05-13,127
2021-05-14,127
2021-05-17,127
2021-05-18,127
2021-05-19,127
2021-05-20,127
2021-05-21,127
2021-05-24,127
2021-05-25,127
2021-05-26,127
2021-05-27,127
2021-05-28,127
2021-05-31,127
2021-06-01,127
2021-06-02,127
2021-06-04,127
2021-06-07,126
2021-06-08,126
2021-06-09,126
2021-06-10,126
2021-06-11,126
2021-06-14,126
2021-06-15,126
2021-06-16,126
2021-06-17,126
2021-06-18,126
2021-06-21,126
2021-06-22,127
2021-06-23,127
2021-06-24,127
2021-06-25,127
2021-06-28,127
2021-06-29,128
2021-06-30,130
2021-07-01,130
2021-07-02,131
2021-07-05,131
2021-07-06,132
2021-07-07,133
2021-07-08,134
2021-07-12,134
2021-07-13,134
2021-07-14,134
2021-07-15,134
2021-07-16,134
2021-07-19,134
2021-07-20,135
2021-07-21,135
2021-07-22,135
2021-07-23,135
2021-07-26,135
2021-07-27,135
2021-07-28,135
2021-07-29,135
2021-07-30,135
2021-08-02,135
2021-08-03,135
2021-08-04,135
2021-08-05,135
2021-08-06,135
2021-08-09,135
2021-08-10,135
2021-08-11,135
2021-08-12,135
2021-08-13,135
2021-08-16,135
2021-08-17,135
2021-08-18,135
2021-08-19,135
2021-08-20,135
2021-08-23,135
2021-08-24,135
2021-08-25,135
2021-08-26,135
2021-08-27,135
2021-08-30,135
2021-08-31,135
2021-09-01,135
2021-09-02,135
2021-09-03,135
2021-09-06,136
2021-09-08,136
2021-09-09,136
2021-09-10,136
2021-09-13,137
2021-09-14,137
2021-09-15,137
2021-09-16,139
2021-09-17,140
2021-09-20,140
2021-09-21,140
2021-09-22,141
2021-09-23,141
2021-09-24,141
2021-09-27,141
2021-09-28,141
2021-09-29,141
2021-09-30,141
2021-10-01,141
2021-10-04,141
2021-10-05,141
2021-10-06,141
2021-10-07,141
2021-10-08,141
2021-10-11,141
2021-10-13,141
2021-10-14,141
2021-10-15,141
2021-10-18,141
2021-10-19,141
2021-10-20,141
2021-10-21,141
2021-10-22,141
2021-10-25,141
2021-10-26,141
2021-10-27,141
2021-10-28,141
2021-10-29,141
2021-11-01,141
2021-11-03,141
2021-11-04,141
2021-11-05,141
2021-11-08,141
2021-11-09,141
2021-11-10,141
2021-11-11,141
2021-11-12,141
2021-11-16,141
2021-11-17,141
2021-11-18,141
2021-11-19,141
2021-11-22,140
2021-11-23,140
2021-11-24,140
2021-11-25,140
2021-11-26,140
2021-11-29,140
2021-11-30,141
2021-12-01,141
2021-12-02,142
2021-12-03,143
2021-12-06,143
2021-12-07,143
2021-12-08,143
2021-12-09,143
2021-12-10,144
2021-12-13,144
2021-12-14,144
2021-12-15,144
2021-12-16,145
2021-12-17,145
2021-12-20,146
2021-12-21,146
2021-12-22,146
2021-12-23,146
2021-12-27,147
2021-12-28,147
2021-12-29,148
2021-12-30,149
2022-01-03,149
2022-01-04,149
2022-01-05,149
2022-01-06,149
2022-01-07,149
2022-01-10,149
2022-01-11,149
2022-01-12,149
2022-01-13,149
2022-01-14,149
2022-01-17,149
2022-01-18,149
2022-01-19,149
2022-01-20,149
2022-01-21,149
2022-01-24,148
2022-01-25,148
2022-01-26,148
2022-01-27,148
2022-01-28,148
2022-01-31,148
2022-02-01,148
2022-02-02,148
2022-02-03,148
2022-02-04,148
2022-02-07,148
2022-02-08,148
2022-02-09,148
2022-02-10,148
2022-02-11,148
2022-02-14,147
2022-02-15,147
2022-02-16,147
2022-02-17,147
2022-02-18,147
2022-02-21,147
2022-02-22,147
2022-02-23,147
2022-02-24,147
2022-02-25,147
2022-03-02,147
2022-03-03,147
2022-03-04,147
2022-03-07,147
2022-03-08,147
2022-03-09,147
2022-03-10,147
2022-03-11,147
2022-03-14,146
2022-03-15,146
2022-03-16,146
2022-03-17,146
2022-03-18,146
2022-03-21,145
2022-03-22,145
2022-03-23,145
2022-03-24,145
2022-03-25,145
2022-03-28,144
2022-03-29,144
2022-03-30,144
2022-03-31,144
2022-04-01,144
2022-04-04,144
2022-04-05,144
2022-04-06,144
2022-04-07,144
2022-04-08,144
2022-04-11,144
2022-04-12,145
2022-04-13,145
2022-04-14,145
2022-04-18,145
2022-04-19,145
2022-04-20,145
2022-04-22,145
2022-04-25,145
2022-04-26,145
2022-04-27,145
2022-04-28,145
2022-04-29,145
2022-05-02,145
2022-05-03,145
2022-05-04,145
2022-05-05,145
2022-05-06,145
2022-05-09,145
2022-05-10,145
2022-05-11,145
2022-05-12,145
2022-05-13,145
2022-05-16,145
2022-05-17,145
2022-05-18,145
2022-05-19,145
2022-05-20,145
2022-05-23,145
2022-05-24,145
2022-05-25,145
2022-05-26,145
2022-05-27,145
2022-05-30,145
2022-05-31,145
2022-06-01,145
2022-06-02,145
2022-06-03,145
2022-06-06,145
2022-06-07,145
2022-06-08,145
2022-06-09,145
2022-06-10,145
2022-06-13,145
2022-06-14,145
2022-06-15,145
2022-06-17,145
2022-06-20,144
2022-06-21,144
2022-06-22,144
2022-06-23,144
2022-06-24,144
2022-06-27,144
2022-06-28,144
2022-06-29,144
2022-06-30,144
2022-07-01,144
2022-07-04,144
2022-07-05,144
2022-07-06,144
2022-07-07,144
2022-07-08,144
2022-07-11,144
2022-07-12,144
2022-07-13,144
2022-07-14,144
2022-07-15,144
2022-07-18,144
2022-07-19,144
2022-07-20,144
2022-07-21,144
2022-07-22,144
2022-07-25,144
2022-07-26,144
2022-07-27,144
2022-07-28,144
2022-07-29,144
2022-08-01,144
2022-08-02,144
2022-08-03,144
2022-08-04,144
2022-08-05,144
2022-08-08,144
2022-08-09,144
2022-08-10,144
2022-08-11,144
2022-08-12,144
2022-08-15,144
2022-08-16,145
2022-08-17,145
2022-08-18,145
2022-08-19,145
2022-08-22,145
2022-08-23,145
2022-08-24,145
2022-08-25,145
2022-08-26,145
2022-08-29,145
2022-08-30,145
2022-08-31,145
2022-09-01,145
2022-09-02,145
2022-09-05,145
2022-09-06,145
2022-09-08,145
2022-09-09,145
2022-09-12,145
2022-09-13,145
2022-09-14,145
2022-09-15,145
2022-09-16,145
2022-09-19,144
2022-09-20,144
2022-09-21,144
2022-09-22,144
2022-09-23,144
2022-09-26,144
2022-09-27,144
2022-09-28,144
2022-09-29,144
2022-09-30,144
2022-10-03,144
2022-10-04,144
2022-10-05,144
2022-10-06,144
2022-10-07,144
2022-10-10,144
2022-10-11,144
2022-10-13,144
2022-10-14,144
2022-10-17,144
2022-10-18,144
2022-10-19,144
2022-10-20,144
2022-10-21,144
2022-10-24,144
2022-10-25,144
2022-10-26,144
2022-10-27,144
2022-10-28,144
2022-10-31,144
2022-11-01,144
2022-11-03,144
2022-11-04,144
2022-11-07,144
2022-11-08,144
2022-11-09,144
2022-11-10,144
2022-11-11,144
2022-11-14,144
2022-11-16,144
2022-11-17,144
2022-11-18,144
2022-11-21,144
2022-11-22,144
2022-11-23,144
2022-11-24,144
2022-11-25,144
2022-11-28,144
2022-11-29,144
2022-11-30,144
2022-12-01,144
2022-12-02,144
2022-12-05,144
2022-12-06,144
2022-12-07,144
2022-12-08,144
2022-12-09,144
2022-12-12,144
2022-12-13,144
2022-12-14,144
2022-12-15,144
2022-12-16,144
2022-12-19,144
2022-12-20,144
2022-12-21,144
2022-12-22,144
2022-12-23,144
2022-12-26,143
2022-12-27,143
2022-12-28,143
2022-12-29,143
2023-01-02,143
2023-01-03,143
2023-01-04,143
2023-01-05,143
2023-01-06,143
2023-01-09,142
2023-01-10,142
2023-01-11,142
2023-01-12,142
2023-01-13,142
2023-01-16,142
2023-01-17,142
2023-01-18,142
2023-01-19,142
2023-01-20,142
2023-01-23,142
2023-01-24,142
2023-01-25,142
2023-01-26,142
2023-01-27,142
2023-01-30,142
2023-01-31,142
2023-02-01,142
2023-02-02,142
2023-02-03,142
2023-02-06,142
2023-02-07,142
2023-02-08,142
2023-02-09,142
2023-02-10,142
2023-02-13,142
2023-02-14,142
2023-02-15,142
2023-02-16,142
2023-02-17,142
2023-02-22,142
2023-02-23,142
2023-02-24,142
2023-02-27,142
2023-02-28,142
2023-03-01,142
2023-03-02,142
2023-03-03,142
2023-03-06,142
2023-03-07,142
2023-03-08,142
2023-03-09,142
2023-03-10,142
2023-03-13,142
2023-03-14,142
2023-03-15,142
2023-03-16,142
2023-03-17,142
2023-03-20,142
2023-03-21,142
2023-03-22,142
2023-03-23,142
2023-03-24,142
2023-03-27,142
2023-03-28,142
2023-03-29,142
2023-03-30,142
2023-03-31,142
2023-04-03,142
2023-04-04,142
2023-04-05,142
2023-04-06,142
2023-04-10,142
2023-04-11,142
2023-04-12,142
2023-04-13,142
2023-04-14,142
2023-04-17,142
2023-04-18,142
2023-04-19,142
2023-04-20,142
2023-04-24,142
2023-04-25,142
2023-04-26,142
2023-04-27,142
2023-04-28,142
2023-05-02,141
2023-05-03,141
2023-05-04,141
2023-05-05,141
2023-05-08,141
2023-05-09,141
2023-05-10,141
2023-05-11,141
2023-05-12,141
2023-05-15,141
2023-05-16,141
2023-05-17,141
2023-05-18,141
2023-05-19,141
2023-05-22,141
2023-05-23,141
2023-05-24,141
2023-05-25,141
2023-05-26,141
2023-05-29,141
2023-05-30,141
2023-05-31,141
2023-06-01,141
2023-06-02,141
2023-06-05,141
2023-06-06,141
2023-06-07,141
2023-06-09,141
2023-06-12,141
2023-06-13,141
2023-06-14,141
2023-06-15,141
2023-06-16,141
2023-06-19,141
2023-06-20,141
2023-06-21,141
2023-06-22,141
2023-06-23,141
2023-06-26,141
2023-06-27,141
2023-06-28,141
2023-06-29,141
2023-06-30,141
2023-07-03,141
2023-07-04,141
2023-07-05,141
2023-07-06,141
2023-07-07,141
2023-07-10,141
2023-07-11,141
2023-07-12,141
2023-07-13,141
2023-07-14,141
2023-07-17,141
2023-07-18,141
2023-07-19,141
2023-07-20,141
2023-07-21,141
2023-07-24,141
2023-07-25,141
2023-07-26,141
2023-07-27,141
2023-07-28,141
2023-07-31,141
2023-08-01,141
2023-08-02,141
2023-08-03,141
2023-08-04,141
2023-08-07,141
2023-08-08,140
2023-08-09,140
2023-08-10,140
2023-08-11,140
2023-08-14,140
2023-08-15,140
2023-08-16,140
2023-08-17,140
2023-08-18,140
2023-08-21,140
2023-08-22,139
2023-08-23,139
2023-08-24,139
2023-08-25,139
2023-08-28,139
2023-08-29,139
2023-08-30,139
2023-08-31,139
2023-09-01,139
2023-09-04,139
2023-09-05,139
2023-09-06,139
2023-09-08,139
2023-09-11,139
2023-09-12,139
2023-09-13,139
2023-09-14,139
2023-09-15,139
2023-09-18,139
2023-09-19,139
2023-09-20,139
2023-09-21,139
2023-09-22,139
2023-09-25,139
2023-09-26,139
2023-09-27,139
2023-09-28,139
2023-09-29,139
2023-10-02,139
2023-10-03,139
2023-10-04,139
2023-10-05,139
2023-10-06,139
2023-10-09,139
2023-10-10,139
2023-10-11,139
2023-10-13,139
2023-10-16,139
2023-10-17,139
2023-10-18,139
2023-10-19,139
2023-10-20,138
2023-10-23,138
2023-10-24,138
2023-10-25,138
2023-10-26,138
2023-10-27,138
2023-10-30,138
2023-10-31,138
2023-11-01,138
2023-11-03,138
2023-11-06,138
2023-11-07,138
2023-11-08,138
2023-11-09,138
2023-11-10,138
2023-11-13,138
2023-11-14,138
2023-11-16,138
2023-11-17,138
2023-11-20,138
2023-11-21,138
2023-11-22,138
2023-11-23,138
2023-11-24,138
2023-11-27,138
2023-11-28,138
2023-11-29,138
2023-11-30,138
2023-12-01,138
2023-12-04,138
2023-12-05,138
2023-12-06,138
2023-12-07,138
2023-12-08,138
2023-12-11,138
2023-12-12,138
2023-12-13,138
2023-12-14,138
2023-12-15,138
2023-12-18,138
2023-12-19,138
2023-12-20,138
2023-12-21,138
2023-12-22,138
2023-12-26,138
2023-12-27,138
2023-12-28,138
2024-01-02,138
2024-01-03,138
2024-01-04,138
2024-01-05,138
2024-01-08,138
2024-01-09,138
2024-01-10,138
2024-01-11,138
2024-01-12,138
2024-01-15,138
2024-01-16,138
2024-01-17,138
2024-01-18,138
2024-01-19,138
2024-01-22,138
2024-01-23,138
2024-01-24,138
2024-01-25,138
2024-01-26,138
2024-01-29,138
2024-01-30,138
2024-01-31,138
2024-02-01,138
2024-02-02,138
2024-02-05,138
2024-02-06,138
2024-02-07,138
2024-02-08,138
2024-02-09,138
2024-02-14,138
2024-02-15,138
2024-02-16,138
2024-02-19,138
2024-02-20,138
2024-02-21,138
2024-02-22,138
2024-02-23,138
2024-02-26,138
2024-02-27,138
2024-02-28,138
2024-02-29,138
2024-03-01,138
2024-03-04,138
2024-03-05,138
2024-03-06,138
2024-03-07,138
2024-03-08,138
2024-03-11,138
2024-03-12,138
2024-03-13,138
2024-03-14,138
2024-03-15,138
2024-03-18,138
2024-03-19,138
2024-03-20,138
2024-03-21,138
2024-03-22,138
2024-03-25,138
2024-03-26,138
2024-03-27,138
2024-03-28,138
2024-04-01,138
2024-04-02,138
2024-04-03,138
2024-04-04,138
2024-04-05,138
2024-04-08,138
2024-04-09,138
2024-04-10,138
2024-04-11,138
2024-04-12,138
2024-04-15,138
2024-04-16,138
2024-04-17,138
2024-04-18,138
2024-04-19,138
2024-04-22,138
2024-04-23,138
2024-04-24,138
2024-04-25,138
2024-04-26,138
2024-04-29,138
2024-04-30,138
2024-05-02,138
2024-05-03,138
2024-05-06,138
2024-05-07,138
2024-05-08,138
2024-05-09,138
2024-05-10,138
2024-05-13,138
2024-05-14,138
2024-05-15,138
2024-05-16,138
2024-05-17,138
2024-05-20,138
2024-05-21,138
2024-05-22,138
2024-05-23,138
2024-05-24,138
2024-05-27,138
2024-05-28,138
2024-05-29,138
2024-05-31,138
2024-06-03,138
2024-06-04,138
2024-06-05,138
2024-06-06,138
2024-06-07,138
2024-06-10,138
2024-06-11,138
2024-06-12,138
2024-06-13,138
2024-06-14,138
2024-06-17,138
2024-06-18,138
2024-06-19,138
2024-06-20,138
2024-06-21,138
2024-06-24,138
2024-06-25,138
2024-06-26,138
2024-06-27,138
2024-06-28,138
2024-07-01,138
2024-07-02,138
2024-07-03,138
2024-07-04,138
2024-07-05,138
2024-07-08,138
2024-07-09,138
2024-07-10,138
2024-07-11,138
2024-07-12,138
2024-07-15,138
2024-07-16,138
2024-07-17,138
2024-07-18,138
2024-07-19,138
2024-07-22,138
2024-07-23,138
2024-07-24,138
2024-07-25,138
2024-07-26,138
2024-07-29,138
2024-07-30,138
2024-07-31,138
2024-08-01,136
2024-08-02,136
2024-08-05,136
2024-08-06,136
2024-08-07,136
2024-08-08,136
2024-08-09,136
2024-08-12,136
2024-08-13,136
2024-08-14,136
2024-08-15,136
2024-08-16,136
2024-08-19,136
2024-08-20,136
2024-08-21,136
2024-08-22,136
2024-08-23,136
2024-08-26,136
2024-08-27,135
2024-08-28,135
2024-08-29,135
2024-08-30,135
2024-09-02,135
2024-09-03,135
2024-09-04,135
2024-09-05,135
2024-09-06,135
2024-09-09,135
2024-09-10,135
2024-09-11,135
2024-09-12,135
2024-09-13,135
2024-09-16,135
2024-09-17,135
2024-09-18,135
2024-09-19,135
2024-09-20,135
2024-09-23,135
2024-09-24,135
2024-09-25,135
2024-09-26,135
2024-09-27,135
2024-09-30,135
2024-10-01,135
2024-10-02,135
2024-10-03,135
2024-10-04,135
2024-10-07,135
2024-10-08,135
2024-10-09,135
2024-10-10,135
2024-10-11,135
2024-10-14,135
2024-10-15,135
2024-10-16,135
2024-10-17,135
2024-10-18,135
2024-10-21,135
2024-10-22,135
2024-10-23,135
2024-10-24,135
2024-10-25,135
2024-10-28,135
2024-10-29,135
2024-10-30,135
2024-10-31,135
2024-11-01,134
2024-11-04,134
2024-11-05,134
2024-11-06,134
2024-11-07,134
2024-11-08,134
2024-11-11,134
2024-11-12,134
2024-11-13,134
2024-11-14,134
2024-11-18,134
2024-11-19,134
2024-11-21,134
2024-11-22,134
2024-11-25,134
2024-11-26,134
2024-11-27,134
2024-11-28,134
2024-11-29,134
2024-12-02,134
2024-12-03,134
2024-12-04,134
2024-12-05,134
2024-12-06,134
2024-12-09,134
2024-12-10,134
2024-12-11,134
2024-12-12,134
2024-12-13,134
2024-12-16,134
2024-12-17,134
2024-12-18,134
2024-12-19,134
2024-12-20,134
2024-12-23,134
2024-12-26,134
2024-12-27,134
2024-12-30,134
2025-01-02,134
2025-01-03,134
2025-01-06,134
2025-01-07,134
2025-01-08,134
2025-01-09,134
2025-01-10,134
2025-01-13,134
2025-01-14,134
2025-01-15,134
2025-01-16,134
2025-01-17,134
2025-01-20,134
2025-01-21,134
2025-01-22,134
2025-01-23,134
2025-01-24,134
2025-01-27,134
2025-01-28,134
2025-01-29,134
2025-01-30,134
2025-01-31,134
2025-02-03,134
2025-02-04,134
2025-02-05,134
2025-02-06,134
2025-02-07,134
2025-02-10,134
2025-02-11,134
2025-02-12,134
2025-02-13,134
2025-02-14,134
2025-02-17,134
2025-02-18,134
2025-02-19,134
2025-02-20,134
2025-02-21,134
2025-02-24,134
2025-02-25,134
2025-02-26,134
2025-02-27,134
2025-02-28,134
2025-03-05,134
2025-03-06,134
2025-03-07,134
2025-03-10,134
2025-03-11,134
2025-03-12,134
2025-03-13,134
2025-03-14,134
2025-03-17,134
2025-03-18,134
2025-03-19,134
2025-03-20,134
2025-03-21,134
2025-03-24,134
2025-03-25,134
2025-03-26,134
2025-03-27,134
2025-03-28,134
2025-03-31,134
2025-04-01,134
2025-04-02,133
2025-04-03,133
2025-04-04,133
2025-04-07,133
2025-04-08,133
2025-04-09,133
2025-04-10,133
2025-04-11,133
2025-04-14,133
2025-04-15,133
2025-04-16,133
2025-04-17,133
2025-04-22,133
2025-04-23,133
2025-04-24,133
2025-04-25,133
2025-04-28,133
2025-04-29,133
2025-04-30,133
2025-05-02,133
2025-05-05,133
2025-05-06,133
2025-05-07,133
2025-05-08,133
2025-05-09,133
2025-05-12,133
2025-05-13,133
2025-05-14,133
2025-05-15,133
2025-05-16,133
2025-05-19,133
2025-05-20,133
2025-05-21,133
2025-05-22,133
2025-05-23,133
2025-05-26,133
2025-05-27,133
2025-05-28,133
2025-05-29,133
2025-05-30,133
2025-06-02,132
2025-06-03,132
2025-06-04,132
2025-06-05,132
2025-06-06,132
2025-06-09,131
2025-06-10,131
2025-06-11,131
2025-06-12,131
2025-06-13,131
2025-06-16,131
2025-06-17,131
2025-06-18,131
2025-06-20,131
2025-06-23,131
2025-06-24,131
2025-06-25,131
2025-06-26,131
2025-06-27,131
2025-06-30,131
2025-07-01,131
2025-07-02,131
2025-07-03,131
2025-07-04,131
2025-07-07,131
2025-07-08,131
2025-07-09,131
2025-07-10,131
2025-07-11,131
2025-07-14,131
2025-07-15,131
2025-07-16,131
2025-07-17,131
2025-07-18,131
2025-07-21,131
2025-07-22,131
2025-07-23,131
2025-07-24,131
2025-07-25,131
2025-07-28,131
2025-07-29,131
2025-07-30,131
2025-07-31,131
2025-08-01,131
2025-08-04,131
2025-08-05,131
2025-08-06,131
2025-08-07,131
2025-08-08,131
2025-08-11,131
2025-08-12,131
2025-08-13,131
2025-08-14,131
2025-08-15,131
2025-08-18,131
2025-08-19,131
2025-08-20,131
2025-08-21,131
2025-08-22,131
2025-08-25,131
2025-08-26,131
2025-08-27,131
2025-08-28,131
2025-08-29,131
2025-09-01,131
2025-09-02,131
2025-09-03,131
2025-09-04,131
2025-09-05,131
2025-09-08,131
2025-09-09,131
2025-09-10,131
2025-09-11,131
2025-09-12,131
2025-09-15,131
2025-09-16,131
2025-09-17,131
2025-09-18,131
2025-09-19,131
2025-09-22,131
2025-09-23,130
2025-09-24,130
2025-09-25,130
2025-09-26,130
2025-09-29,130
2025-09-30,130
2025-10-01,130
2025-10-02,130
2025-10-03,129
2025-10-06,129
2025-10-07,129
2025-10-08,129
2025-10-09,129
2025-10-10,129
2025-10-13,129
2025-10-14,129
2025-10-15,129
2025-10-16,129
2025-10-17,129
2025-10-20,129
2025-10-21,129
2025-10-22,129
2025-10-23,129
2025-10-24,129
2025-10-27,129
2025-10-28,129
2025-10-29,129
2025-10-30,129
2025-10-31,129
2025-11-03,129
2025-11-04,129
2025-11-05,129
2025-11-06,129
2025-11-07,129
2025-11-10,128
2025-11-11,128
2025-11-12,128
2025-11-13,128
2025-11-14,127
2025-11-17,127
2025-11-18,127
2025-11-19,127
2025-11-21,127
2025-11-24,127
2025-11-25,127
2025-11-26,127
2025-11-27,127
2025-11-28,127
2025-12-01,127
2025-12-02,127
2025-12-03,126
2025-12-04,126
2025-12-05,126
2025-12-08,126
2025-12-09,126
2025-12-10,126
2025-12-11,126
2025-12-12,126
2025-12-15,126
2025-12-16,126
2025-12-17,126
2025-12-18,126
2025-12-19,126
2025-12-22,126
2025-12-23,126
2025-12-26,126
2025-12-29,126
2025-12-30,126
2026-01-02,126
2026-01-05,126
2026-01-06,126
2026-01-07,126
2026-01-08,126
2026-01-09,126
2026-01-12,126
2026-01-13,125
2026-01-14,125
2026-01-15,125
2026-01-16,125
2026-01-19,125
2026-01-20,125
2026-01-21,125
2026-01-22,125
2026-01-23,125
2026-01-26,125
2026-01-27,125
2026-01-28,125
2026-01-29,125
2026-01-30,125
2026-02-02,125
2026-02-03,125
2026-02-04,125
2026-02-05,125
2026-02-06,125
2026-02-09,125
2026-02-10,125
2026-02-11,125
2026-02-12,125
2026-02-13,125
2026-02-18,125
2026-02-19,125
2026-02-20,125
2026-02-23,125
2026-02-24,125
2026-02-25,125
2026-02-26,125
2026-02-27,125
2026-03-02,125
2026-03-03,126
2026-03-04,126
2026-03-05,126
2026-03-06,126
2026-03-09,126
2026-03-10,126
2026-03-11,126
2026-03-12,126
2026-03-13,126
2026-03-16,126
2026-03-17,126
2026-03-18,126
2026-03-19,126
2026-03-20,126
2026-03-23,126
2026-03-24,126
2026-03-25,126
2026-03-26,126
